fold,slice,policy,trailing_median_composite,trailing_std_composite,final_composite,iterations_in_window,trailing_median_delta_vs_uncertainty
fold_1,002,gated_veer_4x4_mean_kappa5,0.19337519168715706,0.04089735130119004,0.2744935463149008,6,0.0733316061675895
fold_1,002,uncertainty_lookahead,0.12004358551956755,0.10308751791912373,0.0153101650627611,6,0.0
fold_1,003,gated_veer_4x4_mean_kappa5,0.18403471542685057,0.003792281746864724,0.1832136953959322,6,-0.03314059784557488
fold_1,003,uncertainty_lookahead,0.21717531327242545,0.07635404125246004,0.0124320528891018,6,0.0
fold_1,004,gated_veer_4x4_mean_kappa5,0.19070584677286734,0.05608117141530789,0.19068887397713,6,0.16976131820954385
fold_1,004,uncertainty_lookahead,0.0209445285633235,0.0027782188592815373,0.0172084478177134,6,0.0
fold_1,005,gated_veer_4x4_mean_kappa5,0.16916410266282494,0.005255201118565912,0.1691109513053144,6,0.1443725801745403
fold_1,005,uncertainty_lookahead,0.024791522488284652,0.006225908302612313,0.0122428636698808,6,0.0
fold_1,006,gated_veer_4x4_mean_kappa5,0.01079600364669425,0.0011830615717613314,0.0093118397178078,6,-0.1229733792652363
fold_1,006,uncertainty_lookahead,0.13376938291193055,0.09772050134928548,0.2314892168543305,6,0.0
fold_1,007,gated_veer_4x4_mean_kappa5,0.062494299258446254,0.18907217981458255,0.0624962045865056,6,-0.20379149213200848
fold_1,007,uncertainty_lookahead,0.2662857913904547,0.012904925825706057,0.2451302263331791,6,0.0
fold_1,008,gated_veer_4x4_mean_kappa5,0.18163570823714048,0.07444492894878535,0.0138800935251492,6,0.09383299922445298
fold_1,008,uncertainty_lookahead,0.0878027090126875,0.04985081968464255,0.0083473005952292,6,0.0
fold_1,009,gated_veer_4x4_mean_kappa5,0.2166053470672287,0.07055236666370493,0.0249644673507552,6,-0.002722250931107534
fold_1,009,uncertainty_lookahead,0.21932759799833623,0.00014604896407149301,0.2193233935859828,6,0.0
fold_1,010,gated_veer_4x4_mean_kappa5,0.17979761392956017,0.07011678695669847,0.0320063234396448,6,0.06712285994940027
fold_1,010,uncertainty_lookahead,0.1126747539801599,0.1390481416658725,0.0134341061998719,6,0.0
fold_1,012,gated_veer_4x4_mean_kappa5,0.2744933176391523,0.08099826627087237,0.160195261347362,6,0.10579826579519397
fold_1,012,uncertainty_lookahead,0.16869505184395833,0.06109882905192226,0.0087596934736504,6,0.0
fold_1,013,gated_veer_4x4_mean_kappa5,0.028696686378737152,0.0019493999003159493,0.0250759910275663,6,0.007174813147397999
fold_1,013,uncertainty_lookahead,0.021521873231339153,0.00033442418329513747,0.0222856239499272,6,0.0
fold_1,014,gated_veer_4x4_mean_kappa5,0.2942104115245231,0.22468703025925876,0.2944230847080472,6,0.13912756976582913
fold_1,014,uncertainty_lookahead,0.15508284175869397,0.003367968791321673,0.1479340508798804,6,0.0
fold_1,015,gated_veer_4x4_mean_kappa5,0.2652200187917458,0.004455065729813057,0.260203521541788,6,-0.002897988286387543
fold_1,015,uncertainty_lookahead,0.2681180070781333,0.15296209128723853,0.2460510732662287,6,0.0
fold_1,016,gated_veer_4x4_mean_kappa5,0.2612919784602742,0.0797759012680754,0.2584932236751581,6,-0.415227988267692
fold_1,016,uncertainty_lookahead,0.6765199667279662,0.20135405629661055,0.3078413266007731,6,0.0
fold_1,017,gated_veer_4x4_mean_kappa5,0.14634435470349275,0.2266623358362771,0.156351292955621,6,-0.08528205554126306
fold_1,017,uncertainty_lookahead,0.2316264102447558,0.13882633996493032,0.2315958391395052,6,0.0
fold_1,018,gated_veer_4x4_mean_kappa5,0.10900637568968635,0.06597200658471045,0.094951625314409,6,0.09808644900671015
fold_1,018,uncertainty_lookahead,0.0109199266829762,0.010564340881111965,0.0169485817965527,6,0.0
fold_1,019,gated_veer_4x4_mean_kappa5,0.051924662427749055,0.07892188657274617,0.2636074813542473,6,-0.18230658301011793
fold_1,019,uncertainty_lookahead,0.234231245437867,0.09544551762369732,0.2352174169803039,6,0.0
fold_1,020,gated_veer_4x4_mean_kappa5,0.22614337311429936,0.04869003048161585,0.0985209667078472,6,0.014158198243864856
fold_1,020,uncertainty_lookahead,0.2119851748704345,0.13062725950514556,0.214014238286881,6,0.0
fold_1,022,gated_veer_4x4_mean_kappa5,0.14727634878173312,0.14832677587815765,0.1473901921332814,6,-0.09230516908050301
fold_1,022,uncertainty_lookahead,0.23958151786223614,0.005324321376015023,0.2358244676800273,6,0.0
fold_1,023,gated_veer_4x4_mean_kappa5,0.25920454436758206,0.09757366782522861,0.2545159416463981,6,-0.007339861740546072
fold_1,023,uncertainty_lookahead,0.26654440610812813,0.1981842759749283,0.2653029626360575,6,0.0
fold_1,024,gated_veer_4x4_mean_kappa5,0.281032530103536,0.047379036069055525,0.1545771727546901,6,-0.001106372565623237
fold_1,024,uncertainty_lookahead,0.28213890266915925,0.021815279844191227,0.2546750935607503,6,0.0
fold_1,025,gated_veer_4x4_mean_kappa5,0.22435532351446974,0.03187999687814065,0.2380226838150699,6,0.09166982301492396
fold_1,025,uncertainty_lookahead,0.13268550049954578,0.12186347850949303,0.256402250206144,6,0.0
fold_1,026,gated_veer_4x4_mean_kappa5,0.13485737805881445,0.04365897536326829,0.1784019193703388,6,-0.109344581496994
fold_1,026,uncertainty_lookahead,0.24420195955580845,0.07617887216822897,0.2433609175789227,6,0.0
fold_1,027,gated_veer_4x4_mean_kappa5,0.1502180473110114,0.15269081390057326,0.2501738352977954,6,-0.10126771593734862
fold_1,027,uncertainty_lookahead,0.25148576324836003,0.0016711537874729797,0.2536871904328452,6,0.0
fold_1,028,gated_veer_4x4_mean_kappa5,0.05105087035158735,0.10242526223301442,0.2680312572200291,6,0.031715535977274445
fold_1,028,uncertainty_lookahead,0.0193353343743129,0.11801945786510934,0.2696038750376872,6,0.0
fold_1,029,gated_veer_4x4_mean_kappa5,0.0246455695983205,0.1190097783042873,0.2752442445008529,6,-0.4427344936943061
fold_1,029,uncertainty_lookahead,0.4673800632926266,0.10670831090381776,0.2465920483647307,6,0.0
fold_1,030,gated_veer_4x4_mean_kappa5,0.018937836929347397,0.08326695810297322,0.0227025510650284,6,0.0058007881192963465
fold_1,030,uncertainty_lookahead,0.01313704881005105,0.111970827069885,0.247420831989354,6,0.0
fold_1,031,gated_veer_4x4_mean_kappa5,0.37651420010075487,0.15386615805321952,0.264969032292544,6,0.1445641221557339
fold_1,031,uncertainty_lookahead,0.23195007794502098,0.10424461527042006,0.2333311835068832,6,0.0
fold_1,033,gated_veer_4x4_mean_kappa5,0.2626898689772037,0.013287310876460283,0.2685779315247675,6,0.2454197491675732
fold_1,033,uncertainty_lookahead,0.017270119809630502,0.006520141618030988,0.017122965381884,6,0.0
fold_1,034,gated_veer_4x4_mean_kappa5,0.27253783750261973,0.16965979095877043,0.2312127946712695,6,0.04326399638069167
fold_1,034,uncertainty_lookahead,0.22927384112192806,0.1331494900723288,0.2292728291810254,6,0.0
fold_1,035,gated_veer_4x4_mean_kappa5,0.2399123729554348,0.10542355550081134,0.2534413007570503,6,0.13419854141874893
fold_1,035,uncertainty_lookahead,0.10571383153668586,0.07383409994977179,0.1762153208217582,6,0.0
fold_1,036,gated_veer_4x4_mean_kappa5,0.0589009828273087,0.00030420647148137706,0.0589068271918802,6,-0.07818790979028915
fold_1,036,uncertainty_lookahead,0.13708889261759785,0.011665915246842313,0.1369195814072165,6,0.0
fold_1,037,gated_veer_4x4_mean_kappa5,0.0233971442023901,0.10362961341067296,0.2473761715734518,6,0.0009997803936672503
fold_1,037,uncertainty_lookahead,0.02239736380872285,0.08847507348988039,0.2572964458572591,6,0.0
fold_1,038,gated_veer_4x4_mean_kappa5,0.016834019091522448,0.003597505305347971,0.0240689082275815,6,-0.0014523560079926015
fold_1,038,uncertainty_lookahead,0.01828637509951505,0.07748331520807723,0.2221994845849295,6,0.0
fold_1,039,gated_veer_4x4_mean_kappa5,0.0236131016986229,0.11145173349166386,0.2584349709297104,6,-0.2246724389911292
fold_1,039,uncertainty_lookahead,0.24828554068975212,0.11332188372211612,0.2384251929434235,6,0.0
fold_1,040,gated_veer_4x4_mean_kappa5,0.0505829481724176,0.1809439884569721,0.2513871374698374,6,-0.1694569093855213
fold_1,040,uncertainty_lookahead,0.2200398575579389,0.05585600313003807,0.2496770147322509,6,0.0
fold_1,041,gated_veer_4x4_mean_kappa5,0.2193389126846791,0.08247341686698828,0.2223925129441283,6,-0.014635462489775874
fold_1,041,uncertainty_lookahead,0.23397437517445496,0.007662249997924357,0.2488349585265634,6,0.0
fold_1,043,gated_veer_4x4_mean_kappa5,0.2367474590843079,0.1556455161608103,0.2371451291326301,6,0.0461425908390764
fold_1,043,uncertainty_lookahead,0.19060486824523148,0.029364982764756437,0.2204106227989636,6,0.0
fold_1,044,gated_veer_4x4_mean_kappa5,0.05153399246663625,0.17915471861096768,0.2420343459856422,6,-0.17201613792380804
fold_1,044,uncertainty_lookahead,0.2235501303904443,0.11224298833857241,0.2393073719228571,6,0.0
fold_1,045,gated_veer_4x4_mean_kappa5,0.04789444684445395,0.02311855714705499,0.0,6,-0.056645427256484755
fold_1,045,uncertainty_lookahead,0.1045398741009387,0.2477515182270656,0.1504501489966542,6,0.0
fold_1,046,gated_veer_4x4_mean_kappa5,0.1519385722479308,0.07150508796150436,0.2205399834804918,6,-0.040020842106990084
fold_1,046,uncertainty_lookahead,0.1919594143549209,0.07065196522180267,0.2189916668417564,6,0.0
fold_1,047,gated_veer_4x4_mean_kappa5,0.049532679885673406,0.33064134981764953,0.0,6,-0.16209249421389355
fold_1,047,uncertainty_lookahead,0.21162517409956694,0.032522012683031565,0.2343452082026709,6,0.0
fold_1,048,gated_veer_4x4_mean_kappa5,0.44229992338744595,0.2251087466168739,0.2384107758922705,6,0.21254667172136482
fold_1,048,uncertainty_lookahead,0.22975325166608113,0.026679660404716466,0.1738276788873365,6,0.0
fold_1,049,gated_veer_4x4_mean_kappa5,0.23667167414618956,0.010908004293831475,0.242317291247564,6,-0.17767826889723398
fold_1,049,uncertainty_lookahead,0.41434994304342354,0.11778046309705847,0.2460772108105958,6,0.0
fold_1,050,gated_veer_4x4_mean_kappa5,0.253457730108221,0.0011605917340196477,0.2503885918127346,6,-0.4515015525503285
fold_1,050,uncertainty_lookahead,0.7049592826585495,0.23038433153739318,0.254122163535655,6,0.0
fold_1,051,gated_veer_4x4_mean_kappa5,0.2274928036759176,0.08661004447573238,0.2470924093077519,6,-0.30233657104843514
fold_1,051,uncertainty_lookahead,0.5298293747243528,0.1335976011276081,0.2533401118341981,6,0.0
fold_1,052,gated_veer_4x4_mean_kappa5,0.03458519155900755,0.03786103512361445,0.1373043704415026,6,-0.1024657702505968
fold_1,052,uncertainty_lookahead,0.13705096180960435,0.02719726417983218,0.1289485542370685,6,0.0
fold_2,055,gated_veer_4x4_mean_kappa5,0.14528563504431255,0.1483425737024877,0.2545960887472991,6,-0.09613685348390069
fold_2,055,uncertainty_lookahead,0.24142248852821324,0.08305388834244976,0.2414608507558301,6,0.0
fold_2,056,gated_veer_4x4_mean_kappa5,0.23026167124232066,0.10993015723372626,0.2352762547041539,6,0.06170773634230897
fold_2,056,uncertainty_lookahead,0.1685539349000117,0.02654703345198861,0.1661109286151864,6,0.0
fold_2,057,gated_veer_4x4_mean_kappa5,0.1980153792573163,0.0031003447896562047,0.1981817772399766,6,-0.03163911623196505
fold_2,057,uncertainty_lookahead,0.22965449548928135,0.008397891621599063,0.2482215315694566,6,0.0
fold_2,058,gated_veer_4x4_mean_kappa5,0.1575428781938174,0.011905554652098698,0.1495664197361501,6,0.12934553015965441
fold_2,058,uncertainty_lookahead,0.028197348034163,0.0388668298519874,0.1322265436387958,6,0.0
fold_2,059,gated_veer_4x4_mean_kappa5,0.026544679173820848,0.005546715725690415,0.0287487401886253,6,-0.18600290356124233
fold_2,059,uncertainty_lookahead,0.2125475827350632,0.03332110210156782,0.2255392614852494,6,0.0
fold_2,060,gated_veer_4x4_mean_kappa5,0.17967371873324905,0.042515740345316536,0.2299102011360553,6,0.05107494539427304
fold_2,060,uncertainty_lookahead,0.128598773338976,0.09667324415656942,0.2177882174296421,6,0.0
fold_2,061,gated_veer_4x4_mean_kappa5,0.13973267866261208,0.12464364874346565,0.1381541143654114,6,-0.09108733786876871
fold_2,061,uncertainty_lookahead,0.2308200165313808,0.07556617997299775,0.2319873969239845,6,0.0
fold_2,062,gated_veer_4x4_mean_kappa5,0.02231981843459405,0.09921390253458165,0.2311570773827027,6,-0.12403827385929661
fold_2,062,uncertainty_lookahead,0.14635809229389066,0.08886541683085647,0.2267586657756588,6,0.0
fold_2,063,gated_veer_4x4_mean_kappa5,0.05997237016915345,0.011346380862908968,0.0492801338896217,6,0.027193526775587153
fold_2,063,uncertainty_lookahead,0.0327788433935663,0.05804997529027956,0.1576376841932448,6,0.0
fold_2,065,gated_veer_4x4_mean_kappa5,0.0,0.0,0.0,6,-0.0264375476507274
fold_2,065,uncertainty_lookahead,0.0264375476507274,0.006762771294823438,0.0202347582838256,6,0.0
fold_2,066,gated_veer_4x4_mean_kappa5,0.10091798125724265,0.020687585847643117,0.0677025135087759,6,0.012087891288141653
fold_2,066,uncertainty_lookahead,0.088830089969101,0.017684432045993414,0.1357239008162425,6,0.0
fold_2,067,gated_veer_4x4_mean_kappa5,0.073622921057745,0.038449120386254115,0.0,6,-0.08429924965942436
fold_2,067,uncertainty_lookahead,0.15792217071716935,0.0070020423331655845,0.1590256530972693,6,0.0
fold_2,068,gated_veer_4x4_mean_kappa5,0.0,0.01972775697112969,0.0,6,-0.1642665462797733
fold_2,068,uncertainty_lookahead,0.1642665462797733,0.006409971762196203,0.1769407785453253,6,0.0
fold_2,069,gated_veer_4x4_mean_kappa5,0.0,0.0,0.0,6,-0.16697074642722715
fold_2,069,uncertainty_lookahead,0.16697074642722715,0.00786932133080323,0.1765285961611394,6,0.0
fold_2,070,gated_veer_4x4_mean_kappa5,0.0,0.02146709901063779,0.0,6,-0.1393610111158769
fold_2,070,uncertainty_lookahead,0.1393610111158769,0.010847230322557475,0.1528276451859287,6,0.0
fold_2,071,gated_veer_4x4_mean_kappa5,0.06373523962928934,0.013166154279741797,0.0759290362661211,6,-0.24318903252770796
fold_2,071,uncertainty_lookahead,0.3069242721569973,0.14179493075624858,0.1716344973428602,6,0.0
fold_2,072,gated_veer_4x4_mean_kappa5,0.0343426266221849,0.030578220254139726,0.116898487931652,6,-0.026188599810254953
fold_2,072,uncertainty_lookahead,0.060531226432439855,0.017045787869370197,0.032910877723209,6,0.0
fold_2,073,gated_veer_4x4_mean_kappa5,0.03907109751759785,0.010273390175516987,0.0558389847793549,6,-0.10954229998718445
fold_2,073,uncertainty_lookahead,0.1486133975047823,0.05269812443733139,0.1489059225217397,6,0.0
fold_2,074,gated_veer_4x4_mean_kappa5,0.07939842886648216,0.023111129016229182,0.0678387768555989,6,0.05461981666306036
fold_2,074,uncertainty_lookahead,0.0247786122034218,0.005098367244510144,0.0278536869181722,6,0.0
fold_2,076,gated_veer_4x4_mean_kappa5,0.17883506337121113,0.005918337715633297,0.1793275906745622,6,0.011433109277036557
fold_2,076,uncertainty_lookahead,0.16740195409417458,0.10169119352810811,0.1699550342577984,6,0.0
fold_2,077,gated_veer_4x4_mean_kappa5,0.04812117841479385,0.018583032044160733,0.0,6,0.04812117841479385
fold_2,077,uncertainty_lookahead,0.0,0.14439866157707837,0.0,6,0.0
fold_2,078,gated_veer_4x4_mean_kappa5,0.0,0.02982741464717521,0.0,6,-0.3777007081577804
fold_2,078,uncertainty_lookahead,0.3777007081577804,0.17057400405553094,0.1528714686431642,6,0.0
fold_2,079,gated_veer_4x4_mean_kappa5,0.0222373419878871,0.03989746040062636,0.0222427206591811,6,-0.0758514540190366
fold_2,079,uncertainty_lookahead,0.0980887960069237,0.07361409950485379,0.1716978161926062,6,0.0
fold_2,080,gated_veer_4x4_mean_kappa5,0.03025442389724215,0.0004963580810096208,0.0305619493387671,6,-0.1293405732829681
fold_2,080,uncertainty_lookahead,0.15959499718021025,0.0021105355505402403,0.1586903930316548,6,0.0
fold_2,081,gated_veer_4x4_mean_kappa5,0.23615372644663074,0.07791149658856633,0.2449782111217872,6,0.23615372644663074
fold_2,081,uncertainty_lookahead,0.0,0.12018099436356476,0.0,6,0.0
fold_2,082,gated_veer_4x4_mean_kappa5,0.4575092479071703,0.27513520753024534,0.2527307640134072,6,0.28946107295144696
fold_2,082,uncertainty_lookahead,0.16804817495572336,0.2704890230953352,0.168374876264985,6,0.0
fold_2,083,gated_veer_4x4_mean_kappa5,0.1340702514970275,0.0011177777416851475,0.1340595368286465,6,-0.012310803741652637
fold_2,083,uncertainty_lookahead,0.14638105523868014,0.28309282752036047,0.1668648815098654,6,0.0
fold_2,084,gated_veer_4x4_mean_kappa5,0.13921831583218663,0.010307839618852323,0.1395678159056527,6,-0.014037810791433458
fold_2,084,uncertainty_lookahead,0.1532561266236201,0.03257880705893815,0.1595544168816105,6,0.0
fold_2,086,gated_veer_4x4_mean_kappa5,0.17337725114510205,0.03331382033125837,0.1734572749235962,6,-0.32957323093498025
fold_2,086,uncertainty_lookahead,0.5029504820800823,0.1367367788298305,0.1359973153927642,6,0.0
fold_2,087,gated_veer_4x4_mean_kappa5,0.24043685591872344,0.047415075485683474,0.1466709307908635,6,0.07291325271472382
fold_2,087,uncertainty_lookahead,0.16752360320399962,0.0019245728348921654,0.168046139424286,6,0.0
fold_2,088,gated_veer_4x4_mean_kappa5,0.24991823598044205,0.08710024675508898,0.0680769104724451,6,0.07128872052161533
fold_2,088,uncertainty_lookahead,0.17862951545882672,0.030873034056401464,0.1780709898924571,6,0.0
fold_2,089,gated_veer_4x4_mean_kappa5,0.03239649135626895,0.003629738534514834,0.0414816014838573,6,0.006960786954137901
fold_2,089,uncertainty_lookahead,0.02543570440213105,0.0760784668149988,0.2150420076632055,6,0.0
fold_2,090,gated_veer_4x4_mean_kappa5,0.21373739422446164,0.13184470308368576,0.2134755291342884,6,0.0033871225378001857
fold_2,090,uncertainty_lookahead,0.21035027168666146,0.00825426392865414,0.2287497499496099,6,0.0
fold_2,091,gated_veer_4x4_mean_kappa5,0.05205062629060675,0.0021199706151098915,0.0528283744849669,6,-0.1528724595447816
fold_2,091,uncertainty_lookahead,0.20492308583538835,0.0016163364581673176,0.2078160300914837,6,0.0
fold_2,092,gated_veer_4x4_mean_kappa5,0.1337696620291571,0.00047592135191358315,0.1328084001467615,6,-0.020980914069061468
fold_2,092,uncertainty_lookahead,0.15475057609821857,0.0330504858102687,0.1472222944218562,6,0.0
fold_2,093,gated_veer_4x4_mean_kappa5,0.0316237234290865,0.0015500269486905733,0.0316592980398832,6,0.006114901760171602
fold_2,093,uncertainty_lookahead,0.0255088216689149,0.04873788524807641,0.1286125967548052,6,0.0
fold_2,094,gated_veer_4x4_mean_kappa5,0.473204700167979,0.26578987334085286,0.0,6,0.24173391021964746
fold_2,094,uncertainty_lookahead,0.23147078994833153,0.02730244976392576,0.2313864861297996,6,0.0
fold_2,095,gated_veer_4x4_mean_kappa5,0.0536823607083113,0.10189524924152199,0.0539694486794658,6,-0.19498012162493455
fold_2,095,uncertainty_lookahead,0.24866248233324584,0.11629423288093876,0.2492933861896898,6,0.0
fold_2,097,gated_veer_4x4_mean_kappa5,0.7021775741860818,0.1553659460848529,0.4773720099176286,6,0.46698671972644235
fold_2,097,uncertainty_lookahead,0.2351908544596395,0.02337651631214517,0.235066310296117,6,0.0
fold_2,098,gated_veer_4x4_mean_kappa5,0.0081377483404989,0.07564299963901037,0.0064543050800551,6,-0.0725857240490769
fold_2,098,uncertainty_lookahead,0.0807234723895758,0.0077807837573462164,0.0806574703644303,6,0.0
fold_2,099,gated_veer_4x4_mean_kappa5,0.7052546721300222,0.22008990691415264,0.2581552075091311,6,0.24496229574579503
fold_2,099,uncertainty_lookahead,0.4602923763842272,0.22271149911100152,0.2380936125450679,6,0.0
fold_2,100,gated_veer_4x4_mean_kappa5,0.28458775646438994,0.15854575344629715,0.2510716111448524,6,0.04374708136311728
fold_2,100,uncertainty_lookahead,0.24084067510127266,0.09443942642412242,0.2515521379172358,6,0.0
fold_2,101,gated_veer_4x4_mean_kappa5,0.1894551752090177,0.00010965869321523446,0.1894352831206291,6,0.08563914344146484
fold_2,101,uncertainty_lookahead,0.10381603176755286,0.0888971286600901,0.0145952690169835,6,0.0
fold_2,102,gated_veer_4x4_mean_kappa5,0.07478734669948836,0.0640880063690999,0.1882914552409094,6,-0.11400527530513735
fold_2,102,uncertainty_lookahead,0.1887926220046257,0.06962768104257526,0.0115400795390479,6,0.0
fold_2,103,gated_veer_4x4_mean_kappa5,0.11021890076366461,0.07362836639667186,0.0224858087876971,6,0.008818116987539204
fold_2,103,uncertainty_lookahead,0.10140078377612541,0.014795637655218755,0.0678393086006189,6,0.0
fold_2,104,gated_veer_4x4_mean_kappa5,0.01498171953905425,0.1618704860873703,0.012846906318386,6,-0.34587928336921575
fold_2,104,uncertainty_lookahead,0.36086100290827,0.13884033094578077,0.0871351060656819,6,0.0
fold_2,105,gated_veer_4x4_mean_kappa5,0.18133116595856724,0.08294772786736618,0.0080057439707648,6,0.1672413889106783
fold_2,105,uncertainty_lookahead,0.014089777047888951,0.0028336902299494243,0.008484544195222,6,0.0
fold_3,108,gated_veer_4x4_mean_kappa5,0.0056941789570193,0.0004713612473709837,0.005345615407381,6,-0.21033042837974703
fold_3,108,uncertainty_lookahead,0.21602460733676632,0.07837456856994511,0.0057424966274082,6,0.0
fold_3,109,gated_veer_4x4_mean_kappa5,0.17357753849637464,0.04441322828004323,0.0643000683479863,6,0.10380798255046128
fold_3,109,uncertainty_lookahead,0.06976955594591336,0.08307216683469763,0.0679013289330901,6,0.0
fold_3,110,gated_veer_4x4_mean_kappa5,0.19253064895318925,0.09184736702546305,0.0113524802149031,6,0.1730544690254103
fold_3,110,uncertainty_lookahead,0.019476179927778947,0.0941310049433875,0.0180030663192517,6,0.0
fold_3,111,gated_veer_4x4_mean_kappa5,0.1051009675484503,0.09882404100667992,0.0042452084675333,6,-0.10878335633263
fold_3,111,uncertainty_lookahead,0.2138843238810803,0.06661096860414845,0.0721926448704138,6,0.0
fold_3,112,gated_veer_4x4_mean_kappa5,0.1987894739012171,0.08103451094609389,0.0072562346566712,6,0.06901289488317955
fold_3,112,uncertainty_lookahead,0.12977657901803755,0.1022211684503934,0.0734594738620749,6,0.0
fold_3,113,gated_veer_4x4_mean_kappa5,0.10235023333878325,0.09256553551938783,0.0126913635280678,6,0.08565259916142845
fold_3,113,uncertainty_lookahead,0.0166976341773548,0.0008191182600000143,0.0152709781231005,6,0.0
fold_3,114,gated_veer_4x4_mean_kappa5,0.18967421966748155,0.06535284330307196,0.0107576209983472,6,0.04075583097719429
fold_3,114,uncertainty_lookahead,0.14891838869028726,0.029829123928906815,0.1483736730665865,6,0.0
fold_3,115,gated_veer_4x4_mean_kappa5,0.0070405507458826,0.002748179099288891,0.0038654134500959,6,-0.15961944511307027
fold_3,115,uncertainty_lookahead,0.1666599958589529,0.15779416485830872,0.0071702961390966,6,0.0
fold_3,116,gated_veer_4x4_mean_kappa5,0.01015488277709925,0.0023884035973329417,0.0049197105163403,6,-0.0028741735744652
fold_3,116,uncertainty_lookahead,0.01302905635156445,0.05551125800542993,0.0052786101213751,6,0.0
fold_3,118,gated_veer_4x4_mean_kappa5,0.0125021695382255,0.0021485537516275446,0.0076163828531802,6,-0.006494334216891454
fold_3,118,uncertainty_lookahead,0.018996503755116953,0.00419336900091872,0.0143952824744111,6,0.0
fold_3,119,gated_veer_4x4_mean_kappa5,0.01068556828253415,0.02670571808761981,0.0100582735739266,6,-0.08158365395637963
fold_3,119,uncertainty_lookahead,0.09226922223891379,0.006100604452227139,0.0955900596514676,6,0.0
fold_3,120,gated_veer_4x4_mean_kappa5,0.1125313243718871,0.1440086371814788,0.0299986447628584,6,0.09951819816404325
fold_3,120,uncertainty_lookahead,0.01301312620784385,0.00028444368425410254,0.0129317798496639,6,0.0
fold_3,121,gated_veer_4x4_mean_kappa5,0.26305481953599935,0.16856891019844708,0.0113961945268044,6,0.18615808704195574
fold_3,121,uncertainty_lookahead,0.07689673249404361,0.05030279094110676,0.0752013531426263,6,0.0
fold_3,122,gated_veer_4x4_mean_kappa5,0.1927340059739041,0.0076169481210838505,0.1926944980024383,6,0.1251886552468878
fold_3,122,uncertainty_lookahead,0.06754535072701631,0.02206285697422844,0.0190422138539633,6,0.0
fold_3,123,gated_veer_4x4_mean_kappa5,0.09519189036150419,0.05665053857428825,0.0120033549132581,6,0.021796876528463488
fold_3,123,uncertainty_lookahead,0.0733950138330407,0.05837865775857698,0.0099496797826639,6,0.0
fold_3,124,gated_veer_4x4_mean_kappa5,0.22514170815400686,0.004332939435292972,0.225672733833358,6,-0.009569937694774933
fold_3,124,uncertainty_lookahead,0.2347116458487818,0.001040568185554126,0.2320122657267667,6,0.0
fold_3,125,gated_veer_4x4_mean_kappa5,0.24810806623891304,0.004053267957784222,0.2464491326816312,6,0.10533648582532693
fold_3,125,uncertainty_lookahead,0.14277158041358612,0.0035879205201636124,0.1356980628799318,6,0.0
fold_3,126,gated_veer_4x4_mean_kappa5,0.20356814030736903,0.1757711084377063,0.1994252804986033,6,-0.03634642436846092
fold_3,126,uncertainty_lookahead,0.23991456467582994,0.0032124462155448414,0.2462629108759126,6,0.0
fold_3,127,gated_veer_4x4_mean_kappa5,0.0730242965162865,0.0473359998160236,0.0130106123637039,6,0.06240638265258645
fold_3,127,uncertainty_lookahead,0.01061791386370005,0.042451026127745047,0.0106022925617551,6,0.0
fold_3,129,gated_veer_4x4_mean_kappa5,0.18820306320991875,0.06869169806066605,0.0092833769563214,6,0.0809284924306618
fold_3,129,uncertainty_lookahead,0.10727457077925695,0.09957650402918221,0.0112290547301831,6,0.0
fold_3,130,gated_veer_4x4_mean_kappa5,0.091607452682023,0.14485297867191058,0.014192528747064,6,-0.3301756101522627
fold_3,130,uncertainty_lookahead,0.4217830628342857,0.19297093674741397,0.0123467027396539,6,0.0
fold_3,131,gated_veer_4x4_mean_kappa5,0.13607812750523976,0.14758477063142728,0.2364713030785876,6,-0.09644536262058248
fold_3,131,uncertainty_lookahead,0.23252349012582224,0.0649410998416326,0.2326794695876555,6,0.0
fold_3,132,gated_veer_4x4_mean_kappa5,0.2485778258687773,0.0011731671460522715,0.2475105261751676,6,-0.2472469969183439
fold_3,132,uncertainty_lookahead,0.4958248227871212,0.08940523716982374,0.2560199175129471,6,0.0
fold_3,133,gated_veer_4x4_mean_kappa5,0.06386620896454781,0.06346384279157812,0.2340819895365015,6,-0.2014871403218908
fold_3,133,uncertainty_lookahead,0.2653533492864386,0.11387731676547132,0.2676874824741006,6,0.0
fold_3,134,gated_veer_4x4_mean_kappa5,0.02889665358254135,0.11696954646333882,0.2666352257736723,6,0.005505218782584649
fold_3,134,uncertainty_lookahead,0.0233914347999567,0.1316224285503131,0.3245563215535152,6,0.0
fold_3,135,gated_veer_4x4_mean_kappa5,0.34386463762422625,0.0006931356976433502,0.3430450042834806,6,0.044830311739113504
fold_3,135,uncertainty_lookahead,0.29903432588511275,0.09768188007841648,0.2976919539969583,6,0.0
fold_3,136,gated_veer_4x4_mean_kappa5,0.2381162300999618,0.10403880875451281,0.252294890352301,6,0.004131471589341601
fold_3,136,uncertainty_lookahead,0.2339847585106202,0.016589067480078563,0.2333418493512932,6,0.0
fold_3,137,gated_veer_4x4_mean_kappa5,0.03270456141932915,0.08662925516751253,0.0327206029778871,6,-0.1362884802822735
fold_3,137,uncertainty_lookahead,0.16899304170160265,0.06723570521853849,0.1689915960717417,6,0.0
fold_3,139,gated_veer_4x4_mean_kappa5,0.0,0.10935506190899023,0.0,6,-0.15758468040027124
fold_3,139,uncertainty_lookahead,0.15758468040027124,0.07601577773937684,0.1585935516077157,6,0.0
fold_3,140,gated_veer_4x4_mean_kappa5,0.24494696909989416,0.08517379404489239,0.2622804496015311,6,0.20931382966803067
fold_3,140,uncertainty_lookahead,0.0356331394318635,0.08742340295812112,0.2681237766782666,6,0.0
fold_3,141,gated_veer_4x4_mean_kappa5,0.038396951226223955,0.003451604963985026,0.0441730816008186,6,-0.1243616474169542
fold_3,141,uncertainty_lookahead,0.16275859864317815,0.01262234618442313,0.1388008390781229,6,0.0
fold_3,142,gated_veer_4x4_mean_kappa5,0.1307166150855576,0.07717756845195342,0.2109382271426431,6,-0.1315803757227702
fold_3,142,uncertainty_lookahead,0.2622969908083278,0.009290888784235903,0.2623286790015038,6,0.0
fold_3,143,gated_veer_4x4_mean_kappa5,0.07779555544123584,0.0649562095206906,0.0656142739556896,6,0.014557673995140588
fold_3,143,uncertainty_lookahead,0.06323788144609525,0.09552653160348862,0.2564361947078373,6,0.0
fold_3,144,gated_veer_4x4_mean_kappa5,0.13007269779210576,0.010832567380556424,0.1301031830410559,6,0.07279975158585136
fold_3,144,uncertainty_lookahead,0.0572729462062544,0.006450485017177271,0.0573048888639935,6,0.0
fold_3,145,gated_veer_4x4_mean_kappa5,0.06757849293026474,0.049599601125697536,0.1704610457852926,6,-0.1909514141592939
fold_3,145,uncertainty_lookahead,0.25852990708955864,0.005252757022226084,0.2593547281262212,6,0.0
fold_3,146,gated_veer_4x4_mean_kappa5,0.17158567631543165,0.01918514214927216,0.1662577679756365,6,-0.0018261355753396158
fold_3,146,uncertainty_lookahead,0.17341181189077126,0.055791886867413196,0.173487072349117,6,0.0
fold_3,147,gated_veer_4x4_mean_kappa5,0.15562466746629228,0.03882735134726404,0.1715771543544366,6,-0.005415546387729009
fold_3,147,uncertainty_lookahead,0.16104021385402129,0.05119780588003647,0.1610997553558771,6,0.0
fold_3,148,gated_veer_4x4_mean_kappa5,0.02606986683235865,3.0431140572008366e-05,0.0260987660772591,6,-0.12594540876356344
fold_3,148,uncertainty_lookahead,0.1520152755959221,0.1261481001207234,0.2779060303427681,6,0.0
fold_3,150,gated_veer_4x4_mean_kappa5,0.17335618754410553,0.11868756739837336,0.3017879907672233,6,0.02790629247797749
fold_3,150,uncertainty_lookahead,0.14544989506612804,0.0024076280421228163,0.1470377623346796,6,0.0
fold_3,151,gated_veer_4x4_mean_kappa5,0.0306092583362381,0.00021616812334165452,0.0307401465338761,6,0.002249402061025349
fold_3,151,uncertainty_lookahead,0.02835985627521275,0.10326083412194151,0.2480999741632338,6,0.0
fold_3,152,gated_veer_4x4_mean_kappa5,0.05558008003592005,0.11080302475726095,0.0560178071099033,6,-0.005798111539302847
fold_3,152,uncertainty_lookahead,0.061378191575222896,0.08134335451888695,0.235398500102925,6,0.0
fold_3,153,gated_veer_4x4_mean_kappa5,0.0282618210388514,0.009046044335268717,0.0508115519655872,6,0.004816893161122299
fold_3,153,uncertainty_lookahead,0.023444927877729102,0.0002813053880997267,0.0235395977828614,6,0.0
fold_3,154,gated_veer_4x4_mean_kappa5,0.06244157717785835,0.01133931929713189,0.0640847839323777,6,-0.09384054827686768
fold_3,154,uncertainty_lookahead,0.15628212545472603,0.06635870261547774,0.1664340718384891,6,0.0
fold_3,155,gated_veer_4x4_mean_kappa5,0.0620303812529871,0.12555896162809366,0.0622770628961445,6,0.0370456669746706
fold_3,155,uncertainty_lookahead,0.0249847142783165,0.1174536053639498,0.2729127083045206,6,0.0
fold_3,156,gated_veer_4x4_mean_kappa5,0.0708400400881023,0.17053776282352998,0.0707247677405095,6,-0.06608621023150141
fold_3,156,uncertainty_lookahead,0.1369262503196037,0.007586635631230795,0.1369232772614566,6,0.0
fold_3,157,gated_veer_4x4_mean_kappa5,0.1758773063996158,0.10323943119333731,0.1729926397177065,6,0.15286767049383596
fold_3,157,uncertainty_lookahead,0.02300963590577985,0.0022795693139707677,0.022370827640637,6,0.0
fold_3,158,gated_veer_4x4_mean_kappa5,0.1648978464390792,0.1196554953887192,0.283198453458267,6,-0.10811006920544661
fold_3,158,uncertainty_lookahead,0.2730079156445258,0.11866672322932295,0.2726678821428441,6,0.0
fold_4,161,gated_veer_4x4_mean_kappa5,0.061883054357859804,0.00022445723494916032,0.0619102970015695,6,-0.0017776654766697014
fold_4,161,uncertainty_lookahead,0.0636607198345295,0.015290802524306002,0.0636916246588831,6,0.0
fold_4,162,gated_veer_4x4_mean_kappa5,0.281346204810066,0.050725592057071334,0.2794839504160493,6,0.14975871683377834
fold_4,162,uncertainty_lookahead,0.13158748797628766,0.0626869285521935,0.1314951721723297,6,0.0
fold_4,163,gated_veer_4x4_mean_kappa5,0.0334055067188191,6.921534249565652e-05,0.0333943944024747,6,0.0046233784909108025
fold_4,163,uncertainty_lookahead,0.0287821282279083,0.005049500015337356,0.0286266360011044,6,0.0
fold_4,164,gated_veer_4x4_mean_kappa5,0.03796333530288395,0.09118175151276929,0.2303884193078316,6,0.012998107438354396
fold_4,164,uncertainty_lookahead,0.02496522786452955,0.06061874078703369,0.1544942838000082,6,0.0
fold_4,165,gated_veer_4x4_mean_kappa5,0.040619334448311,0.0034077758141377503,0.0406183817842813,6,-0.008532588848247251
fold_4,165,uncertainty_lookahead,0.04915192329655825,0.006143570885406149,0.0546281526075496,6,0.0
fold_4,166,gated_veer_4x4_mean_kappa5,0.2768165666228928,0.09109733389622623,0.2777975603151436,6,0.04892682859382136
fold_4,166,uncertainty_lookahead,0.22788973802907142,0.03715936058238475,0.2713342931997719,6,0.0
fold_4,167,gated_veer_4x4_mean_kappa5,0.31404299299181115,0.0896765654625642,0.2453404338647622,6,0.1516376389058219
fold_4,167,uncertainty_lookahead,0.16240535408598925,0.08979772489989671,0.1627756438103511,6,0.0
fold_4,168,gated_veer_4x4_mean_kappa5,0.03404098228859955,0.01072112153129602,0.0631559537521681,6,-0.026642165453617396
fold_4,168,uncertainty_lookahead,0.06068314774221695,0.013375565711280294,0.0606765622380262,6,0.0
fold_4,169,gated_veer_4x4_mean_kappa5,0.09861744908542974,0.02446669866236601,0.113144991654663,6,-0.06371409571448272
fold_4,169,uncertainty_lookahead,0.16233154479991246,0.12465022924870874,0.1660088152638202,6,0.0
fold_4,171,gated_veer_4x4_mean_kappa5,0.0,0.0,0.0,6,-0.15767337342143561
fold_4,171,uncertainty_lookahead,0.15767337342143561,0.07970314535623661,0.1576266928839807,6,0.0
fold_4,172,gated_veer_4x4_mean_kappa5,0.0578740908177441,0.031025579300100272,0.0578671197136778,6,0.01722102450936365
fold_4,172,uncertainty_lookahead,0.04065306630838045,0.009242665497057035,0.0501709890577521,6,0.0
fold_4,173,gated_veer_4x4_mean_kappa5,0.04635002119298455,0.0031591978986004452,0.0529574703197053,6,0.0027227804971068983
fold_4,173,uncertainty_lookahead,0.04362724069587765,0.013116645921294974,0.0647144052325805,6,0.0
fold_4,174,gated_veer_4x4_mean_kappa5,0.08117809719496705,0.007893839829045938,0.0832952467987823,6,0.048234553064479296
fold_4,174,uncertainty_lookahead,0.03294354413048775,0.01556493435749187,0.0297972919109181,6,0.0
fold_4,175,gated_veer_4x4_mean_kappa5,0.03812236717611345,0.00915234160883112,0.0371389658234877,6,0.008882378442770598
fold_4,175,uncertainty_lookahead,0.02923998873334285,0.003908859944608216,0.0241568065718776,6,0.0
fold_4,176,gated_veer_4x4_mean_kappa5,0.0290895156073465,0.05092470918720382,0.138918146503321,6,0.005012156783987597
fold_4,176,uncertainty_lookahead,0.024077358823358902,0.004684031898182888,0.0240989387618149,6,0.0
fold_4,177,gated_veer_4x4_mean_kappa5,0.0,0.0318950756955614,0.0,6,-0.02700017408665415
fold_4,177,uncertainty_lookahead,0.02700017408665415,0.259956188288582,0.0344744028672319,6,0.0
fold_4,178,gated_veer_4x4_mean_kappa5,0.06365483527904785,0.007702187737687642,0.0553884197288994,6,0.0383119044101279
fold_4,178,uncertainty_lookahead,0.02534293086891995,0.00019072540657441228,0.0253155078356059,6,0.0
fold_4,179,gated_veer_4x4_mean_kappa5,0.0620266715850527,0.02373113280876568,0.0,6,0.03080020946073605
fold_4,179,uncertainty_lookahead,0.03122646212431665,0.007696515066937286,0.0336266573354778,6,0.0
fold_4,180,gated_veer_4x4_mean_kappa5,0.0370765221728248,0.004962337004105102,0.0370944717314713,6,-0.0005618988751455584
fold_4,180,uncertainty_lookahead,0.037638421047970355,0.007430919098893162,0.0486677514588975,6,0.0
fold_4,182,gated_veer_4x4_mean_kappa5,0.06539705635370535,0.0005628853096044101,0.0656225086028091,6,-0.08909953427968365
fold_4,182,uncertainty_lookahead,0.154496590633389,0.060427910152728005,0.1728240413604672,6,0.0
fold_4,183,gated_veer_4x4_mean_kappa5,0.08152725442748555,0.03097984335043005,0.1115136573915296,6,0.045353751029923804
fold_4,183,uncertainty_lookahead,0.03617350339756175,0.005326409072359843,0.0257319206628331,6,0.0
fold_4,184,gated_veer_4x4_mean_kappa5,0.0307143294007362,0.03738099404243753,0.0,6,-0.13839141515926523
fold_4,184,uncertainty_lookahead,0.16910574456000144,0.14937059445502437,0.1711015531660692,6,0.0
fold_4,185,gated_veer_4x4_mean_kappa5,0.027727007539734998,0.001873607445493812,0.0308034165433031,6,-0.11987841851811384
fold_4,185,uncertainty_lookahead,0.14760542605784885,0.0418454728588585,0.14312924433813,6,0.0
fold_4,186,gated_veer_4x4_mean_kappa5,0.09726830486962605,0.030992801391050227,0.099422136678392,6,0.07178080540936366
fold_4,186,uncertainty_lookahead,0.0254874994602624,0.04568430160454258,0.1480677525345702,6,0.0
fold_4,187,gated_veer_4x4_mean_kappa5,0.0823851405570545,0.00045939442719612506,0.0823937045090316,6,-0.07208542841181599
fold_4,187,uncertainty_lookahead,0.1544705689688705,0.0010843429094486723,0.1524148241242147,6,0.0
fold_4,188,gated_veer_4x4_mean_kappa5,0.1695129049873905,0.05197833148588737,0.1693734751857772,6,0.1665073566720816
fold_4,188,uncertainty_lookahead,0.0030055483153089,0.0030055483153089,0.0,6,0.0
fold_4,189,gated_veer_4x4_mean_kappa5,0.0279555428636179,0.20366964714927707,0.0,6,-0.006041473998882052
fold_4,189,uncertainty_lookahead,0.03399701686249995,0.15752195501668284,0.1268205541441874,6,0.0
fold_4,190,gated_veer_4x4_mean_kappa5,0.15080102388455413,0.008146831683495248,0.1491509953008594,6,0.06963048825586499
fold_4,190,uncertainty_lookahead,0.08117053562868914,0.03264237348277547,0.0811656443998364,6,0.0
fold_4,192,gated_veer_4x4_mean_kappa5,0.11885615360196244,0.005760397331341349,0.1267665865698452,6,-0.02010309730367077
fold_4,192,uncertainty_lookahead,0.1389592509056332,0.012164152795328429,0.1495108184199765,6,0.0
fold_4,193,gated_veer_4x4_mean_kappa5,0.02933070226141145,0.006816908134984542,0.0404004092042576,6,-0.1537631379397262
fold_4,193,uncertainty_lookahead,0.18309384020113767,0.013283133626853879,0.1571681942703077,6,0.0
fold_4,194,gated_veer_4x4_mean_kappa5,0.26419003195632323,0.006611410633065025,0.2665511783486201,6,0.11657168901714615
fold_4,194,uncertainty_lookahead,0.14761834293917708,0.006122397444051763,0.1371112461644177,6,0.0
fold_4,195,gated_veer_4x4_mean_kappa5,0.0893156880901753,0.01711455797253074,0.1133288558123937,6,0.055492407149901654
fold_4,195,uncertainty_lookahead,0.03382328094027365,0.00930985352675107,0.0337367995707715,6,0.0
fold_4,196,gated_veer_4x4_mean_kappa5,0.0399961198372705,0.047166023102261666,0.1327439898149387,6,-0.10820233101944185
fold_4,196,uncertainty_lookahead,0.14819845085671235,0.05861747038752838,0.1664458734404889,6,0.0
fold_4,197,gated_veer_4x4_mean_kappa5,0.0,0.0,0.0,6,-0.1309405199075812
fold_4,197,uncertainty_lookahead,0.1309405199075812,0.007997500602205299,0.1455634265966973,6,0.0
fold_4,198,gated_veer_4x4_mean_kappa5,0.037220561595243,0.012106842677321514,0.0582863822392939,6,-0.09960576775214397
fold_4,198,uncertainty_lookahead,0.13682632934738698,0.03828086121707445,0.1368210896952237,6,0.0
fold_4,199,gated_veer_4x4_mean_kappa5,0.05684744406163306,0.016229481671496016,0.0401444575471572,6,0.022285050250301607
fold_4,199,uncertainty_lookahead,0.03456239381133145,0.008194043547639952,0.0370473525416576,6,0.0
fold_4,200,gated_veer_4x4_mean_kappa5,0.32268647069102896,0.11267244393078257,0.1143139104190959,6,0.06366066678652771
fold_4,200,uncertainty_lookahead,0.25902580390450125,0.045273211410969696,0.2638067858333366,6,0.0
fold_4,201,gated_veer_4x4_mean_kappa5,0.15484972487062815,0.0019360982244182683,0.1524450693920478,6,-0.12618623072582685
fold_4,201,uncertainty_lookahead,0.281035955596455,0.001496241960957228,0.2790946185370409,6,0.0
fold_4,203,gated_veer_4x4_mean_kappa5,0.0677301543235366,0.017335837002998046,0.1066070885887846,6,0.0273156428253577
fold_4,203,uncertainty_lookahead,0.0404145114981789,0.08538152522746746,0.2707234052143182,6,0.0
fold_4,204,gated_veer_4x4_mean_kappa5,0.10392113093459811,0.03500166063806038,0.1291736259158518,6,-0.033686802089309895
fold_4,204,uncertainty_lookahead,0.137607933023908,0.0005432743838480412,0.137858959995732,6,0.0
fold_4,205,gated_veer_4x4_mean_kappa5,0.03684469719562335,0.038453024754094255,0.0,6,-0.2553351438882425
fold_4,205,uncertainty_lookahead,0.29217984108386585,0.001869294105547728,0.2940965640270237,6,0.0
fold_4,206,gated_veer_4x4_mean_kappa5,0.0360617401603027,0.036537368622453374,0.0735572092567392,6,-0.2426354685432682
fold_4,206,uncertainty_lookahead,0.2786972087035709,0.1112415750881945,0.2800641619929529,6,0.0
fold_4,207,gated_veer_4x4_mean_kappa5,0.3668701067812709,0.14037894171449514,0.2577983284485841,6,0.24480788734603356
fold_4,207,uncertainty_lookahead,0.12206221943523735,0.023767647642716182,0.117937979635104,6,0.0
fold_4,208,gated_veer_4x4_mean_kappa5,0.0610632185225003,0.0011537248323321195,0.0641113595880425,6,-0.030762573522373902
fold_4,208,uncertainty_lookahead,0.0918257920448742,0.020840280782229232,0.0711740212329758,6,0.0
fold_4,209,gated_veer_4x4_mean_kappa5,0.0358243450367213,0.15841727732501543,0.0365977172056496,6,-0.22755011787346005
fold_4,209,uncertainty_lookahead,0.26337446291018135,0.006371982048021231,0.2734214922967988,6,0.0
fold_4,210,gated_veer_4x4_mean_kappa5,0.06267594393882385,0.002006493286041941,0.0646155846060055,6,0.015598053137602153
fold_4,210,uncertainty_lookahead,0.0470778908012217,0.019701978413162374,0.0353719556823933,6,0.0
fold_4,211,gated_veer_4x4_mean_kappa5,0.031338828663788246,0.011437947752814709,0.039041281863909,6,0.0009467620110548483
fold_4,211,uncertainty_lookahead,0.030392066652733397,0.010047292011679039,0.0382408046035266,6,0.0
fold_5,214,gated_veer_4x4_mean_kappa5,0.04499101618873215,0.0791728286929582,0.0450260417856091,6,0.00898389292541655
fold_5,214,uncertainty_lookahead,0.0360071232633156,0.06987187977658103,0.0359834112200116,6,0.0
fold_5,215,gated_veer_4x4_mean_kappa5,0.03960832120400385,7.56130553773876e-05,0.0396929136939059,6,0.005490928058226048
fold_5,215,uncertainty_lookahead,0.0341173931457778,0.0008057343335381677,0.0338420229017719,6,0.0
fold_5,216,gated_veer_4x4_mean_kappa5,0.01916954180670825,0.0830001517648443,0.0,6,-0.1073543293339951
fold_5,216,uncertainty_lookahead,0.12652387114070335,0.06251090462672856,0.2335584517188734,6,0.0
fold_5,217,gated_veer_4x4_mean_kappa5,0.07550411450228506,0.00027448184394301587,0.0760719441612811,6,0.01256841834226921
fold_5,217,uncertainty_lookahead,0.06293569616001585,0.007348031077871981,0.065586723762251,6,0.0
fold_5,218,gated_veer_4x4_mean_kappa5,0.02931459326457115,0.001060487576877827,0.0270897265726875,6,-0.0038272165378107
fold_5,218,uncertainty_lookahead,0.03314180980238185,0.0860629132258055,0.2648114251806611,6,0.0
fold_5,219,gated_veer_4x4_mean_kappa5,0.03826979931084845,0.009636816680416035,0.0558096223489678,6,0.00638876882793115
fold_5,219,uncertainty_lookahead,0.0318810304829173,0.006944554338282062,0.0340286971918472,6,0.0
fold_5,220,gated_veer_4x4_mean_kappa5,0.1412094821923026,0.003694766387212371,0.1396596846262138,6,-0.3079166616717456
fold_5,220,uncertainty_lookahead,0.44912614386404814,0.1371601185161165,0.111777144572319,6,0.0
fold_5,221,gated_veer_4x4_mean_kappa5,0.07144104166053025,0.0007924707402384563,0.0715048985628093,6,0.028471214337608852
fold_5,221,uncertainty_lookahead,0.0429698273229214,0.0008217865025688189,0.0430546579700108,6,0.0
fold_5,222,gated_veer_4x4_mean_kappa5,0.06745177016874725,0.008659125054401168,0.0734752144891357,6,0.031708076548026
fold_5,222,uncertainty_lookahead,0.035743693620721245,0.015594573173747493,0.0640859893623594,6,0.0
fold_5,224,gated_veer_4x4_mean_kappa5,0.07048318495954695,0.0016498301605859494,0.0707706371344858,6,-0.07213644332082805
fold_5,224,uncertainty_lookahead,0.142619628280375,0.06131387286576759,0.2724821716408659,6,0.0
fold_5,225,gated_veer_4x4_mean_kappa5,0.0716367907393209,0.02668938367846817,0.0724106808599089,6,0.03718291429845425
fold_5,225,uncertainty_lookahead,0.03445387644086665,0.00040583124001449097,0.0345945685429486,6,0.0
fold_5,226,gated_veer_4x4_mean_kappa5,0.13104500384870982,0.043847788473156006,0.1307321772867836,6,0.030609858942339474
fold_5,226,uncertainty_lookahead,0.10043514490637034,0.03057180656513785,0.101360604923505,6,0.0
fold_5,227,gated_veer_4x4_mean_kappa5,0.0584548120905547,0.021322068893888713,0.0587005576663939,6,-0.032712507690835946
fold_5,227,uncertainty_lookahead,0.09116731978139064,0.04711251060216968,0.1280033207073024,6,0.0
fold_5,228,gated_veer_4x4_mean_kappa5,0.08245056027201945,0.008491763695264061,0.0824729486682124,6,0.04642325747636611
fold_5,228,uncertainty_lookahead,0.036027302795653346,0.009840580659597909,0.0267243954042585,6,0.0
fold_5,229,gated_veer_4x4_mean_kappa5,0.06325434639031866,0.0006744128992330772,0.0634853661582426,6,0.02699922244354261
fold_5,229,uncertainty_lookahead,0.03625512394677605,0.03373832609115492,0.0310637247291787,6,0.0
fold_5,230,gated_veer_4x4_mean_kappa5,0.052528424385185596,0.007288405455938456,0.0549437877934614,6,0.012339865819280996
fold_5,230,uncertainty_lookahead,0.0401885585659046,0.0006224576287757655,0.0404888968671367,6,0.0
fold_5,231,gated_veer_4x4_mean_kappa5,0.06947045914263189,0.007770788627822773,0.0683217359330808,6,0.027871194604312394
fold_5,231,uncertainty_lookahead,0.0415992645383195,0.00989737856965145,0.032018644033753,6,0.0
fold_5,232,gated_veer_4x4_mean_kappa5,0.07146734573470515,0.010684930904258198,0.0646044615096572,6,0.01982990893230395
fold_5,232,uncertainty_lookahead,0.051637436802401196,0.004970185593040389,0.051682956811821,6,0.0
fold_5,233,gated_veer_4x4_mean_kappa5,0.0514839166181526,0.01732945762676295,0.0370045983446829,6,0.022960580637744553
fold_5,233,uncertainty_lookahead,0.02852333598040805,0.001322415442189648,0.0261339477233039,6,0.0
fold_5,235,gated_veer_4x4_mean_kappa5,0.14001044519323386,0.08631380016704066,0.1385763912551478,6,0.08940456918998381
fold_5,235,uncertainty_lookahead,0.05060587600325005,0.00317112022320384,0.0528445388592271,6,0.0
fold_5,236,gated_veer_4x4_mean_kappa5,0.0,0.03990688520317641,0.0,6,-0.0327937306853356
fold_5,236,uncertainty_lookahead,0.0327937306853356,0.01091208717436541,0.0312001305632606,6,0.0
fold_5,237,gated_veer_4x4_mean_kappa5,0.050518371226669856,0.011675903649795552,0.0543043240862458,6,0.015480251303489408
fold_5,237,uncertainty_lookahead,0.03503811992318045,0.03203763975914687,0.1210014176618992,6,0.0
fold_5,238,gated_veer_4x4_mean_kappa5,0.06740416151396815,0.0007278746046044651,0.0671170529472667,6,0.014034707943791455
fold_5,238,uncertainty_lookahead,0.053369453570176695,0.006552396508199765,0.0549262991839701,6,0.0
fold_5,239,gated_veer_4x4_mean_kappa5,0.06832016183459799,0.009204546768025575,0.0654737015509772,6,-0.016983785624075348
fold_5,239,uncertainty_lookahead,0.08530394745867334,0.14096125591411365,0.0869301449573587,6,0.0
fold_5,240,gated_veer_4x4_mean_kappa5,0.0342492508868847,0.00380381368966541,0.0378855505454117,6,-0.09357730885073005
fold_5,240,uncertainty_lookahead,0.12782655973761475,0.03884049776299471,0.1383276123410603,6,0.0
fold_5,241,gated_veer_4x4_mean_kappa5,0.0579075211695003,0.14773210978449536,0.0583458302617568,6,-0.06121767620874204
fold_5,241,uncertainty_lookahead,0.11912519737824234,0.04603901607240864,0.1171026195517358,6,0.0
fold_5,242,gated_veer_4x4_mean_kappa5,0.06445812701286625,0.22814227247153,0.0,6,-0.062033677597704937
fold_5,242,uncertainty_lookahead,0.1264918046105712,0.09335638971698237,0.1269422497331475,6,0.0
fold_5,243,gated_veer_4x4_mean_kappa5,0.03667899096206395,0.022429229994453084,0.0,6,-0.024325060782639248
fold_5,243,uncertainty_lookahead,0.0610040517447032,0.011921949485642047,0.0926638678361925,6,0.0
fold_5,245,gated_veer_4x4_mean_kappa5,0.07153823114629371,0.0028204150262812542,0.0728122144172034,6,0.029396409138800955
fold_5,245,uncertainty_lookahead,0.04214182200749275,0.0015052313939227016,0.0423843811118282,6,0.0
fold_5,246,gated_veer_4x4_mean_kappa5,0.41580464026608527,0.3713955601711696,0.0,6,0.18754878537835182
fold_5,246,uncertainty_lookahead,0.22825585488773345,0.06007919561442146,0.1353701823780018,6,0.0
fold_5,247,gated_veer_4x4_mean_kappa5,0.0658511794358729,0.013249216412515486,0.0979220925926226,6,0.03198742460052745
fold_5,247,uncertainty_lookahead,0.033863754835345455,0.0012714558336555384,0.0344986978565611,6,0.0
fold_5,248,gated_veer_4x4_mean_kappa5,0.0597239145021264,0.004754320169973073,0.0684476247729676,6,-0.10901017968279951
fold_5,248,uncertainty_lookahead,0.1687340941849259,0.12453684866061099,0.2880351492191709,6,0.0
fold_5,249,gated_veer_4x4_mean_kappa5,0.0,0.027285782263564217,0.0,6,-0.06022290576780415
fold_5,249,uncertainty_lookahead,0.06022290576780415,0.3072445840486905,0.0622264516605108,6,0.0
fold_5,250,gated_veer_4x4_mean_kappa5,0.25531908173621753,0.06303333760541843,0.0857949139067515,6,0.14302558544425825
fold_5,250,uncertainty_lookahead,0.1122934962919593,0.004161217204087442,0.1210431710252406,6,0.0
fold_5,251,gated_veer_4x4_mean_kappa5,0.10925474801942756,0.015269380373351921,0.1051609945501892,6,0.049737619439954056
fold_5,251,uncertainty_lookahead,0.0595171285794735,0.015495068609569763,0.045871813300987,6,0.0
fold_5,252,gated_veer_4x4_mean_kappa5,0.041856330931253044,0.007606494003527815,0.0476368630166069,6,0.007766706298754943
fold_5,252,uncertainty_lookahead,0.0340896246324981,0.004848522792833251,0.0304341879143955,6,0.0
fold_5,253,gated_veer_4x4_mean_kappa5,0.0,0.0,0.0,6,0.0
fold_5,253,uncertainty_lookahead,0.0,0.0,0.0,6,0.0
fold_5,254,gated_veer_4x4_mean_kappa5,0.03647629141996895,0.005821379369602424,0.0351357566195794,6,0.003646769306414853
fold_5,254,uncertainty_lookahead,0.0328295221135541,7.592564196665601e-05,0.0329387632225589,6,0.0
fold_5,256,gated_veer_4x4_mean_kappa5,0.1091872207863374,0.17946510389641002,0.4200005809598282,6,-0.1069720386332542
fold_5,256,uncertainty_lookahead,0.2161592594195916,0.27185575802179396,0.0,6,0.0
fold_5,257,gated_veer_4x4_mean_kappa5,0.04045889847175345,0.00044001247187820474,0.0407385804917384,6,-0.030853076228673795
fold_5,257,uncertainty_lookahead,0.07131197470042724,0.01456594199296675,0.0713467634766608,6,0.0
fold_5,258,gated_veer_4x4_mean_kappa5,0.30506548122822436,0.13958798922523494,0.3035200045585293,6,0.06406124012739056
fold_5,258,uncertainty_lookahead,0.2410042411008338,0.15667732769064588,0.3178425128850708,6,0.0
fold_5,259,gated_veer_4x4_mean_kappa5,0.08254030833345265,0.05345562908878123,0.1375977433294464,6,0.002367611067614489
fold_5,259,uncertainty_lookahead,0.08017269726583816,0.09461319405938005,0.1379551636758545,6,0.0
fold_5,260,gated_veer_4x4_mean_kappa5,0.3220416181068749,0.043461090307149605,0.2867624890712473,6,0.290926451631667
fold_5,260,uncertainty_lookahead,0.0311151664752079,0.00127742228633436,0.0305813852339458,6,0.0
fold_5,261,gated_veer_4x4_mean_kappa5,0.1277635121666292,0.12088423974490901,0.1317255432481661,6,0.0099744897411774
fold_5,261,uncertainty_lookahead,0.1177890224254518,0.022657394448033212,0.1163005007202139,6,0.0
fold_5,262,gated_veer_4x4_mean_kappa5,0.07054983326632125,0.0068699550312673816,0.0702480195542311,6,0.07054983326632125
fold_5,262,uncertainty_lookahead,0.0,0.015510022847051403,0.0,6,0.0
fold_5,263,gated_veer_4x4_mean_kappa5,0.0686457860006456,0.000529219922603424,0.0690151284487562,6,-0.12376743496852234
fold_5,263,uncertainty_lookahead,0.19241322096916794,0.062305584401560005,0.2623641297907071,6,0.0
fold_5,264,gated_veer_4x4_mean_kappa5,0.06483403725276325,0.041255169633421955,0.1432917304951566,6,-0.025948278767344693
fold_5,264,uncertainty_lookahead,0.09078231602010794,0.029167768083448342,0.1501218797505152,6,0.0
