fold,slice,policy,iteration,stage,query_count,scan_time_s,dose_proxy,selected_area_fraction,morphology_composite_error,front_mean_symmetric_distance_nm,front_hausdorff_distance_nm,front_availability_status,front_detection_correct,penetration_d95_absolute_error_nm,penetration_dmax_absolute_error_nm,normalized_reconstruction_rmse,roi_id,variogram_sill
fold_1,001,nested_band_veer_4x4_mean_kappa2,17,nested_band_veer_4x4_mean_kappa2_adaptive,17,85.07139999999998,6.963200000000002,0.2618454245451982,0.2266093944622696,18781.711511957204,47107.98701918816,matched_present,True,6100.0,5700.0,0.2176236957509515,r0192_c0320,
fold_1,001,nested_veer_4x4_mean_kappa0,17,nested_veer_4x4_mean_kappa0_adaptive,17,85.07139999999998,6.963200000000002,0.2618454245451982,0.2272190145590736,18848.647798586284,47107.98701918816,matched_present,True,6100.0,5700.0,0.2128952057201385,r0192_c0320,
fold_1,001,uncertainty_lookahead,17,uncertainty_lookahead_adaptive,17,85.07139999999998,6.963200000000002,0.2618454245451982,0.0167784338478274,1457.2720364914549,12900.0,matched_present,True,385.0,200.0,0.216070250908875,r0320_c0192,
fold_1,001,variogram_eer_4x4_mean_kappa5,17,variogram_eer_4x4_mean_kappa5_adaptive,17,85.07139999999998,6.963200000000002,0.2618454245451982,0.1770360420718754,14638.557419491928,37189.65204946127,matched_present,True,4800.0,4900.0,0.2195402792261983,r0384_c0192,19.945149149314425
fold_1,011,gated_veer_4x4_mean_kappa10,17,gated_veer_4x4_mean_kappa10_adaptive,17,85.07139999999998,6.963200000000002,0.2653436068622295,0.0321423367654912,3329.2285768509428,20782.153660292268,matched_present,True,200.0,1300.0,0.2262031344335235,r0192_c0256,45.24296894545372
fold_1,011,gated_veer_4x4_mean_kappa5,17,gated_veer_4x4_mean_kappa5_adaptive,17,85.07139999999998,6.963200000000002,0.2653436068622295,0.0293640897395904,2924.1770534070265,17949.254960582624,matched_present,True,300.0,1300.0,0.2182020927124476,r0256_c0192,26.682764207184253
fold_1,011,nested_band_veer_4x4_mean_kappa2,17,nested_band_veer_4x4_mean_kappa2_adaptive,17,85.07139999999998,6.963200000000002,0.2653436068622295,0.0328160276149003,3303.199832116054,19241.96980457041,matched_present,True,300.0,1400.0,0.2239898928532786,r0256_c0448,
fold_5,265,nested_veer_4x4_mean_kappa0,17,nested_veer_4x4_mean_kappa0_adaptive,17,85.07139999999998,6.963200000000002,0.2653436068622295,0.0,0.0,0.0,matched_absent,True,0.0,0.0,2.084923530563452,r0192_c0128,
fold_5,223,gated_veer_4x4_mean_kappa10,17,gated_veer_4x4_mean_kappa10_adaptive,17,85.07139999999998,6.963200000000002,0.2653436068622295,0.471104126106914,30127.23304653916,48500.0,matched_present,True,21600.0,20300.0,0.2282900906697716,r0414_c0064,46.53247400008868
fold_5,223,gated_veer_4x4_mean_kappa5,17,gated_veer_4x4_mean_kappa5_adaptive,17,85.07139999999998,6.963200000000002,0.2653436068622295,0.1236016043819438,13571.456161137436,48500.0,matched_present,True,0.0,0.0,0.2192279817383608,r0000_c0128,47.18890318851125
fold_5,223,nested_band_veer_4x4_mean_kappa2,17,nested_band_veer_4x4_mean_kappa2_adaptive,17,85.07139999999998,6.963200000000002,0.2653436068622295,0.4676970493817962,29653.136022121224,48600.0,matched_present,True,21700.0,20300.0,0.2264517941340065,r0414_c0064,
fold_5,223,nested_veer_4x4_mean_kappa0,17,nested_veer_4x4_mean_kappa0_adaptive,17,85.07139999999998,6.963200000000002,0.2653436068622295,0.1247809611158144,13700.949530516427,48600.0,matched_present,True,0.0,0.0,0.222705160255256,r0414_c0320,
fold_5,223,uncertainty_lookahead,17,uncertainty_lookahead_adaptive,17,85.07139999999998,6.963200000000002,0.2653436068622295,0.1268440378152338,13927.475352112671,48600.0,matched_present,True,0.0,0.0,0.2220657751089722,r0256_c0192,
fold_5,223,variogram_eer_4x4_mean_kappa5,17,variogram_eer_4x4_mean_kappa5_adaptive,17,85.07139999999998,6.963200000000002,0.2653436068622295,0.0605154457932476,4559.595948098588,13800.0,matched_present,True,2085.0,700.0,0.2271777024343216,r0320_c0485,46.38427952345992
fold_5,234,gated_veer_4x4_mean_kappa10,17,gated_veer_4x4_mean_kappa10_adaptive,17,85.07139999999998,6.963200000000002,0.2587587930889941,0.0920387148355348,7405.850888941731,52000.0,matched_present,True,2700.0,2700.0,0.212246817246451,r0128_c0320,41.78095749166079
fold_5,265,uncertainty_lookahead,17,uncertainty_lookahead_adaptive,17,85.07139999999998,6.963200000000002,0.2653436068622295,0.0,0.0,0.0,matched_absent,True,0.0,0.0,1.1272561688631586,r0000_c0384,
fold_3,107,gated_veer_4x4_mean_kappa10,17,gated_veer_4x4_mean_kappa10_adaptive,17,85.07139999999998,6.963200000000002,0.2653436068622295,0.0179018141624397,1965.6191950358825,8700.0,matched_present,True,0.0,200.0,0.2082093510965859,r0000_c0000,40.76147678571005
fold_3,107,gated_veer_4x4_mean_kappa5,17,gated_veer_4x4_mean_kappa5_adaptive,17,85.07139999999998,6.963200000000002,0.2618454245451982,0.0087058619872642,955.9036462016098,4491.92620153092,matched_present,True,0.0,0.0,0.2070858683951861,r0000_c0192,20.28523126805652
fold_3,107,nested_band_veer_4x4_mean_kappa2,17,nested_band_veer_4x4_mean_kappa2_adaptive,17,85.07139999999998,6.963200000000002,0.2653436068622295,0.0108503218246944,1191.365336351455,8755.878320305732,matched_present,True,0.0,200.0,0.2133756215616305,r0192_c0128,
fold_3,107,nested_veer_4x4_mean_kappa0,17,nested_veer_4x4_mean_kappa0_adaptive,17,85.07139999999998,6.963200000000002,0.2653436068622295,0.0112142927084289,1231.3293393855035,8755.878320305732,matched_present,True,0.0,200.0,0.2118633589813493,r0192_c0000,
fold_3,107,uncertainty_lookahead,17,uncertainty_lookahead_adaptive,17,85.07139999999998,6.963200000000002,0.2653436068622295,0.0065357822103098,717.6288866920236,4603.216701394796,matched_present,True,0.0,200.0,0.2090488108957516,r0128_c0000,
fold_3,107,variogram_eer_4x4_mean_kappa5,17,variogram_eer_4x4_mean_kappa5_adaptive,17,85.07139999999998,6.963200000000002,0.2653436068622295,0.071288777721494,2627.507793820051,8875.00724732098,matched_present,True,5200.0,200.0,0.2095140806018082,r0384_c0320,17.883406159607574
fold_3,117,gated_veer_4x4_mean_kappa10,17,gated_veer_4x4_mean_kappa10_adaptive,17,85.07139999999998,6.963200000000002,0.2653436068622295,0.0142704282743434,1266.8930245229114,10901.140666921045,matched_present,True,300.0,300.0,0.2067514330675749,r0256_c0485,43.28460172796108
fold_5,244,variogram_eer_4x4_mean_kappa5,17,variogram_eer_4x4_mean_kappa5_adaptive,17,85.07139999999998,6.963200000000002,0.2653436068622295,0.070079410262859,7694.719246861923,51200.0,matched_present,True,0.0,0.0,0.2153692841662401,r0414_c0128,35.064448367385246
fold_3,117,gated_veer_4x4_mean_kappa5,17,gated_veer_4x4_mean_kappa5_adaptive,17,85.07139999999998,6.963200000000002,0.2653436068622295,0.1732729985944629,15425.375245672029,44062.48476879169,matched_present,True,3600.0,3400.0,0.2029830375562307,r0320_c0320,39.55024573487093
fold_3,117,nested_band_veer_4x4_mean_kappa2,17,nested_band_veer_4x4_mean_kappa2_adaptive,17,85.07139999999998,6.963200000000002,0.2653436068622295,0.0070031510819593,468.94598879913775,4243.521938201804,matched_present,True,300.0,300.0,0.2272422175894064,r0128_c0000,
fold_3,117,nested_veer_4x4_mean_kappa0,17,nested_veer_4x4_mean_kappa0_adaptive,17,85.07139999999998,6.963200000000002,0.2653436068622295,0.0068040797639467,547.0879580813497,3796.975222463268,matched_present,True,200.0,100.0,0.2284512672476224,r0192_c0320,
fold_3,117,uncertainty_lookahead,17,uncertainty_lookahead_adaptive,17,85.07139999999998,6.963200000000002,0.2653436068622295,0.0053241450486753,384.59112634455647,3304.52528512039,matched_present,True,200.0,100.0,0.2259697502552038,r0192_c0320,
fold_3,117,variogram_eer_4x4_mean_kappa5,17,variogram_eer_4x4_mean_kappa5_adaptive,17,85.07139999999998,6.963200000000002,0.2653436068622295,0.0142704282743434,1266.8930245229114,10901.140666921045,matched_present,True,300.0,300.0,0.2067514330675749,r0256_c0485,43.28460172796107
fold_3,128,gated_veer_4x4_mean_kappa10,17,gated_veer_4x4_mean_kappa10_adaptive,17,85.07139999999998,6.963200000000002,0.2653436068622295,0.0129089451132282,1217.4021734324565,9995.304505616616,matched_present,True,200.0,800.0,0.2010979899457328,r0000_c0128,26.104604693211563
fold_3,128,gated_veer_4x4_mean_kappa5,17,gated_veer_4x4_mean_kappa5_adaptive,17,85.07139999999998,6.963200000000002,0.2653436068622295,0.0773023064292698,3187.7932459338303,8450.293400823424,matched_present,True,5300.0,4600.0,0.2013898373380848,r0320_c0064,40.348031289083565
fold_5,244,uncertainty_lookahead,17,uncertainty_lookahead_adaptive,17,85.07139999999998,6.963200000000002,0.2653436068622295,0.1180262760998748,12959.285115766255,54600.0,matched_present,True,0.0,0.0,0.2234976357273258,r0256_c0128,
fold_2,096,variogram_eer_4x4_mean_kappa5,17,variogram_eer_4x4_mean_kappa5_adaptive,17,85.07139999999998,6.963200000000002,0.2653436068622295,0.2325756183152457,19736.802891013984,48300.0,matched_present,True,5800.0,5500.0,0.2200508847535211,r0320_c0256,44.87171649167743
fold_2,106,gated_veer_4x4_mean_kappa10,17,gated_veer_4x4_mean_kappa10_adaptive,17,85.07139999999998,6.963200000000002,0.2653436068622295,0.0159278481076383,1648.877722218689,10858.409467320702,matched_present,True,100.0,100.0,0.2056247529440794,r0320_c0384,30.81534895630213
fold_2,106,gated_veer_4x4_mean_kappa5,17,gated_veer_4x4_mean_kappa5_adaptive,17,85.07139999999998,6.963200000000002,0.2653436068622295,0.0128396167622335,1309.7899204932403,7600.0,matched_present,True,100.0,100.0,0.2103107778353014,r0320_c0384,37.08160538614261
fold_2,106,nested_band_veer_4x4_mean_kappa2,17,nested_band_veer_4x4_mean_kappa2_adaptive,17,85.07139999999998,6.963200000000002,0.2653436068622295,0.0140097214628609,1438.2674166221284,10858.409467320702,matched_present,True,100.0,100.0,0.218217319914505,r0320_c0384,
fold_2,106,nested_veer_4x4_mean_kappa0,17,nested_veer_4x4_mean_kappa0_adaptive,17,85.07139999999998,6.963200000000002,0.2653436068622295,0.0068625616631714,653.5092706162296,4951.703205968627,matched_present,True,100.0,100.0,0.2178913469114077,r0128_c0000,
fold_2,106,uncertainty_lookahead,17,uncertainty_lookahead_adaptive,17,85.07139999999998,6.963200000000002,0.2653436068622295,0.0081985974972747,800.2060052007678,5066.273774678979,matched_present,True,100.0,100.0,0.2164750018517198,r0192_c0128,
fold_2,106,variogram_eer_4x4_mean_kappa5,17,variogram_eer_4x4_mean_kappa5_adaptive,17,85.07139999999998,6.963200000000002,0.2653436068622295,0.0128396167622335,1309.7899204932403,7600.0,matched_present,True,100.0,100.0,0.2103107778353014,r0320_c0384,37.08160538614259
fold_5,255,gated_veer_4x4_mean_kappa10,17,gated_veer_4x4_mean_kappa10_adaptive,17,85.07139999999998,6.963200000000002,0.2653436068622295,0.4757826824974526,31440.938538220296,54700.0,matched_present,True,20800.0,20000.0,0.2133167199626721,r0256_c0192,25.29906177792953
fold_3,128,nested_band_veer_4x4_mean_kappa2,17,nested_band_veer_4x4_mean_kappa2_adaptive,17,85.07139999999998,6.963200000000002,0.2653436068622295,0.0563110283185528,4882.950909377099,17895.746186175074,matched_present,True,1300.0,2000.0,0.2063254892963827,r0000_c0384,
fold_3,128,nested_veer_4x4_mean_kappa0,17,nested_veer_4x4_mean_kappa0_adaptive,17,85.07139999999998,6.963200000000002,0.2653436068622295,0.0943738095486219,5062.244288438695,18707.647073857243,matched_present,True,5300.0,4600.0,0.2142446774384929,r0384_c0320,
fold_3,128,uncertainty_lookahead,17,uncertainty_lookahead_adaptive,17,85.07139999999998,6.963200000000002,0.2653436068622295,0.1992262858667369,16575.046188167715,47942.46378983875,matched_present,True,5300.0,4600.0,0.2158286451807092,r0384_c0128,
fold_3,128,variogram_eer_4x4_mean_kappa5,17,variogram_eer_4x4_mean_kappa5_adaptive,17,85.07139999999998,6.963200000000002,0.2653436068622295,0.172016857174053,14972.450917711029,43291.41694192972,matched_present,True,3915.0,3900.0,0.2205580197458329,r0128_c0485,27.06476104993273
fold_3,138,gated_veer_4x4_mean_kappa10,17,gated_veer_4x4_mean_kappa10_adaptive,17,85.07139999999998,6.963200000000002,0.2653436068622295,0.0,0.0,0.0,matched_present,True,0.0,0.0,0.2243648741345546,r0320_c0320,27.19313680013208
fold_3,138,gated_veer_4x4_mean_kappa5,17,gated_veer_4x4_mean_kappa5_adaptive,17,85.07139999999998,6.963200000000002,0.2653436068622295,0.215290780303697,18438.927677345942,54700.0,matched_present,True,5200.0,5000.0,0.2328287746376268,r0384_c0485,39.35135897654156
fold_3,138,nested_band_veer_4x4_mean_kappa2,17,nested_band_veer_4x4_mean_kappa2_adaptive,17,85.07139999999998,6.963200000000002,0.2653436068622295,0.2458747390618768,21097.04634899407,54700.0,matched_present,True,5900.0,5900.0,0.2288192801882148,r0384_c0128,
fold_5,244,nested_veer_4x4_mean_kappa0,17,nested_veer_4x4_mean_kappa0_adaptive,17,85.07139999999998,6.963200000000002,0.2653436068622295,0.1110998146374183,12198.75964718853,54500.0,matched_present,True,0.0,0.0,0.2188027489973288,r0000_c0256,
fold_2,085,uncertainty_lookahead,17,uncertainty_lookahead_adaptive,17,85.07139999999998,6.963200000000002,0.2653436068622295,0.1661283825255793,18240.896401308608,54800.0,matched_present,True,0.0,0.0,0.2245179099902227,r0320_c0320,
fold_2,085,variogram_eer_4x4_mean_kappa5,17,variogram_eer_4x4_mean_kappa5_adaptive,17,85.07139999999998,6.963200000000002,0.2653436068622295,0.0,0.0,0.0,matched_present,True,0.0,0.0,0.2121818500107503,r0128_c0320,33.979289849430145
fold_2,096,gated_veer_4x4_mean_kappa10,17,gated_veer_4x4_mean_kappa10_adaptive,17,85.07139999999998,6.963200000000002,0.2653436068622295,0.2560606770820932,22315.46234361384,54800.0,matched_present,True,5800.0,5500.0,0.2220183268398289,r0000_c0128,44.7532419420577
fold_2,096,gated_veer_4x4_mean_kappa5,17,gated_veer_4x4_mean_kappa5_adaptive,17,85.07139999999998,6.963200000000002,0.2653436068622295,0.2325756183152457,19736.802891013984,48300.0,matched_present,True,5800.0,5500.0,0.2200508847535211,r0320_c0256,44.87171649167743
fold_2,096,nested_band_veer_4x4_mean_kappa2,17,nested_band_veer_4x4_mean_kappa2_adaptive,17,85.07139999999998,6.963200000000002,0.2653436068622295,0.2294473177301889,19693.315486774747,54800.0,matched_present,True,5500.0,5400.0,0.2300150341291415,r0064_c0256,
fold_2,096,nested_veer_4x4_mean_kappa0,17,nested_veer_4x4_mean_kappa0_adaptive,17,85.07139999999998,6.963200000000002,0.2653436068622295,0.1787089965299583,19622.24781898942,54800.0,matched_present,True,0.0,0.0,0.2294786760680607,r0000_c0320,
fold_2,096,uncertainty_lookahead,17,uncertainty_lookahead_adaptive,17,85.07139999999998,6.963200000000002,0.2653436068622295,0.1787089965299583,19622.24781898942,54800.0,matched_present,True,0.0,0.0,0.2294786760680607,r0000_c0320,
fold_5,255,gated_veer_4x4_mean_kappa5,17,gated_veer_4x4_mean_kappa5_adaptive,17,85.07139999999998,6.963200000000002,0.2653436068622295,0.0992950478266269,8002.596251363642,52200.0,matched_present,True,2900.0,2900.0,0.2163134263873977,r0000_c0384,37.34864435628781
fold_3,138,nested_veer_4x4_mean_kappa0,17,nested_veer_4x4_mean_kappa0_adaptive,17,85.07139999999998,6.963200000000002,0.2653436068622295,0.2355105197212793,19959.055065396467,54700.0,matched_present,True,5900.0,5900.0,0.2246439056779013,r0320_c0000,
fold_3,138,uncertainty_lookahead,17,uncertainty_lookahead_adaptive,17,85.07139999999998,6.963200000000002,0.2653436068622295,0.2621329372876418,22882.19651418307,54300.0,matched_present,True,5900.0,5900.0,0.2206295866685636,r0414_c0320,
fold_3,138,variogram_eer_4x4_mean_kappa5,17,variogram_eer_4x4_mean_kappa5_adaptive,17,85.07139999999998,6.963200000000002,0.2653436068622295,0.1143076042265171,12550.974944071586,54700.0,matched_present,True,0.0,0.0,0.2252763679111709,r0320_c0384,41.87982403269584
fold_3,149,gated_veer_4x4_mean_kappa10,17,gated_veer_4x4_mean_kappa10_adaptive,17,85.07139999999998,6.963200000000002,0.2653436068622295,0.0383335908792923,4209.0282785463005,53700.0,matched_present,True,0.0,0.0,0.2093299887338118,r0320_c0128,28.047177733431404
fold_3,149,gated_veer_4x4_mean_kappa5,17,gated_veer_4x4_mean_kappa5_adaptive,17,85.07139999999998,6.963200000000002,0.2653436068622295,0.0326899519917023,3589.3567286889206,14900.0,matched_present,True,0.0,0.0,0.2498496184311213,r0000_c0384,40.671618184625615
fold_3,149,nested_band_veer_4x4_mean_kappa2,17,nested_band_veer_4x4_mean_kappa2_adaptive,17,85.07139999999998,6.963200000000002,0.2653436068622295,0.1702328406154971,18691.565899581587,54400.0,matched_present,True,0.0,0.0,0.2266245027129583,r0128_c0000,
fold_3,149,nested_veer_4x4_mean_kappa0,17,nested_veer_4x4_mean_kappa0_adaptive,17,85.07139999999998,6.963200000000002,0.2653436068622295,0.1505260068811981,16527.755555555552,53900.0,matched_present,True,0.0,0.0,0.2286181639816316,r0414_c0192,
fold_5,244,nested_band_veer_4x4_mean_kappa2,17,nested_band_veer_4x4_mean_kappa2_adaptive,17,85.07139999999998,6.963200000000002,0.2653436068622295,0.1220468166035067,13400.740463065044,54500.0,matched_present,True,0.0,0.0,0.2158464843146818,r0064_c0485,
fold_2,075,nested_veer_4x4_mean_kappa0,17,nested_veer_4x4_mean_kappa0_adaptive,17,85.07139999999998,6.963200000000002,0.2653436068622295,0.1517193001998898,16658.7791619479,54500.0,matched_present,True,0.0,0.0,0.2144067993678979,r0192_c0256,
fold_2,075,uncertainty_lookahead,17,uncertainty_lookahead_adaptive,17,85.07139999999998,6.963200000000002,0.2653436068622295,0.1634928211001433,17951.511756795735,54700.0,matched_present,True,0.0,0.0,0.2139994606645537,r0128_c0384,
fold_2,075,variogram_eer_4x4_mean_kappa5,17,variogram_eer_4x4_mean_kappa5_adaptive,17,85.07139999999998,6.963200000000002,0.2653436068622295,0.0,0.0,0.0,matched_present,True,0.0,0.0,0.2117881523021826,r0000_c0192,44.0029917896298
fold_2,085,gated_veer_4x4_mean_kappa10,17,gated_veer_4x4_mean_kappa10_adaptive,17,85.07139999999998,6.963200000000002,0.2587587930889941,0.0,0.0,0.0,matched_present,True,0.0,0.0,0.2164749812818903,r0384_c0192,15.87719405034952
fold_2,085,gated_veer_4x4_mean_kappa5,17,gated_veer_4x4_mean_kappa5_adaptive,17,85.07139999999998,6.963200000000002,0.2653436068622295,0.0,0.0,0.0,matched_present,True,0.0,0.0,0.2121818500107503,r0128_c0320,33.97928984943014
fold_2,085,nested_band_veer_4x4_mean_kappa2,17,nested_band_veer_4x4_mean_kappa2_adaptive,17,85.07139999999998,6.963200000000002,0.2653436068622295,0.1653512738524191,18155.569868995623,54700.0,matched_present,True,0.0,0.0,0.2201280737085853,r0064_c0320,
fold_2,085,nested_veer_4x4_mean_kappa0,17,nested_veer_4x4_mean_kappa0_adaptive,17,85.07139999999998,6.963200000000002,0.2653436068622295,0.1661283825255793,18240.896401308608,54800.0,matched_present,True,0.0,0.0,0.2245179099902227,r0256_c0000,
fold_5,255,nested_band_veer_4x4_mean_kappa2,17,nested_band_veer_4x4_mean_kappa2_adaptive,17,85.07139999999998,6.963200000000002,0.2653436068622295,0.2712509065381923,23283.34953789351,54800.0,matched_present,True,6500.0,5800.0,0.2147724036548597,r0064_c0320,
fold_3,149,uncertainty_lookahead,17,uncertainty_lookahead_adaptive,17,85.07139999999998,6.963200000000002,0.2653436068622295,0.1505260068811981,16527.755555555552,53900.0,matched_present,True,0.0,0.0,0.2286181639816316,r0414_c0192,
fold_3,149,variogram_eer_4x4_mean_kappa5,17,variogram_eer_4x4_mean_kappa5_adaptive,17,85.07139999999998,6.963200000000002,0.2653436068622295,0.0443756195739993,4872.443029225133,38800.0,matched_present,True,0.0,0.0,0.2092367977031695,r0320_c0128,28.54588397923363
fold_3,159,gated_veer_4x4_mean_kappa10,17,gated_veer_4x4_mean_kappa10_adaptive,17,85.07139999999998,6.963200000000002,0.2653436068622295,0.0373911510074509,4105.548380618119,14700.0,matched_present,True,0.0,0.0,0.2195454457256654,r0414_c0064,29.145512868362523
fold_3,159,gated_veer_4x4_mean_kappa5,17,gated_veer_4x4_mean_kappa5_adaptive,17,85.07139999999998,6.963200000000002,0.2653436068622295,0.0373911510074509,4105.548380618119,14700.0,matched_present,True,0.0,0.0,0.2195454457256654,r0128_c0384,29.14551286836256
fold_3,159,nested_band_veer_4x4_mean_kappa2,17,nested_band_veer_4x4_mean_kappa2_adaptive,17,85.07139999999998,6.963200000000002,0.2653436068622295,0.0305716708857702,3356.769463257573,13400.0,matched_present,True,0.0,0.0,0.2310133624197182,r0000_c0320,
fold_3,159,nested_veer_4x4_mean_kappa0,17,nested_veer_4x4_mean_kappa0_adaptive,17,85.07139999999998,6.963200000000002,0.2653436068622295,0.0361035080395289,3964.1651827402734,22700.0,matched_present,True,0.0,0.0,0.227444539279068,r0192_c0256,
fold_3,159,uncertainty_lookahead,17,uncertainty_lookahead_adaptive,17,85.07139999999998,6.963200000000002,0.2653436068622295,0.0361035080395289,3964.1651827402734,22700.0,matched_present,True,0.0,0.0,0.227444539279068,r0192_c0256,
fold_3,159,variogram_eer_4x4_mean_kappa5,17,variogram_eer_4x4_mean_kappa5_adaptive,17,85.07139999999998,6.963200000000002,0.2653436068622295,0.0373911510074509,4105.548380618119,14700.0,matched_present,True,0.0,0.0,0.2195454457256654,r0128_c0384,29.14551286836256
fold_2,064,nested_band_veer_4x4_mean_kappa2,17,nested_band_veer_4x4_mean_kappa2_adaptive,17,85.07139999999998,6.963200000000002,0.2653436068622295,0.1566081692845873,17195.576987447694,54600.0,matched_present,True,0.0,0.0,0.2312440388644444,r0000_c0128,
fold_2,064,nested_veer_4x4_mean_kappa0,17,nested_veer_4x4_mean_kappa0_adaptive,17,85.07139999999998,6.963200000000002,0.2653436068622295,0.0425094677394843,4667.539557795377,51100.0,matched_present,True,0.0,0.0,0.2329282736281893,r0000_c0384,
fold_2,064,uncertainty_lookahead,17,uncertainty_lookahead_adaptive,17,85.07139999999998,6.963200000000002,0.2653436068622295,0.0404044734992804,4436.411190220996,51100.0,matched_present,True,0.0,0.0,0.2266390586549375,r0192_c0320,
fold_2,064,variogram_eer_4x4_mean_kappa5,17,variogram_eer_4x4_mean_kappa5_adaptive,17,85.07139999999998,6.963200000000002,0.2653436068622295,0.1490128771345928,16361.61390937829,54700.0,matched_present,True,0.0,0.0,0.2250837315121681,r0192_c0000,39.279241444583455
fold_2,075,gated_veer_4x4_mean_kappa10,17,gated_veer_4x4_mean_kappa10_adaptive,17,85.07139999999998,6.963200000000002,0.2653436068622295,0.0,0.0,0.0,matched_present,True,0.0,0.0,0.2155409483056035,r0192_c0384,44.58399463173561
fold_2,075,gated_veer_4x4_mean_kappa5,17,gated_veer_4x4_mean_kappa5_adaptive,17,85.07139999999998,6.963200000000002,0.2653436068622295,0.0,0.0,0.0,matched_present,True,0.0,0.0,0.2070574172650512,r0320_c0000,38.80467872663312
fold_2,075,nested_band_veer_4x4_mean_kappa2,17,nested_band_veer_4x4_mean_kappa2_adaptive,17,85.07139999999998,6.963200000000002,0.2653436068622295,0.0,0.0,0.0,matched_present,True,0.0,0.0,0.2101715508942002,r0320_c0384,
fold_5,255,nested_veer_4x4_mean_kappa0,17,nested_veer_4x4_mean_kappa0_adaptive,17,85.07139999999998,6.963200000000002,0.2653436068622295,0.0719446337954534,4899.520790740787,16500.0,matched_present,True,3000.0,2900.0,0.2082605628399399,r0256_c0192,
fold_4,160,gated_veer_4x4_mean_kappa10,17,gated_veer_4x4_mean_kappa10_adaptive,17,85.07139999999998,6.963200000000002,0.2653436068622295,0.1228152067449799,13485.109700598796,48200.0,matched_present,True,0.0,0.0,0.2221129181597956,r0192_c0064,35.05899005167619
fold_4,160,gated_veer_4x4_mean_kappa5,17,gated_veer_4x4_mean_kappa5_adaptive,17,85.07139999999998,6.963200000000002,0.2653436068622295,0.0696987666831448,5152.924581809306,38700.0,matched_present,True,2500.0,2400.0,0.2163642416802639,r0256_c0256,26.277717513748065
fold_4,160,nested_band_veer_4x4_mean_kappa2,17,nested_band_veer_4x4_mean_kappa2_adaptive,17,85.07139999999998,6.963200000000002,0.2653436068622295,0.0570583522218122,6265.007073954983,48300.0,matched_present,True,0.0,0.0,0.2169591234032682,r0000_c0320,
fold_4,160,nested_veer_4x4_mean_kappa0,17,nested_veer_4x4_mean_kappa0_adaptive,17,85.07139999999998,6.963200000000002,0.2653436068622295,0.1573379830731012,17275.710541426513,54700.0,matched_present,True,0.0,0.0,0.2241368775569481,r0256_c0000,
fold_4,160,uncertainty_lookahead,17,uncertainty_lookahead_adaptive,17,85.07139999999998,6.963200000000002,0.2653436068622295,0.1167136858604828,12815.162707481011,48200.0,matched_present,True,0.0,0.0,0.2211599251306968,r0256_c0256,
fold_4,160,variogram_eer_4x4_mean_kappa5,17,variogram_eer_4x4_mean_kappa5_adaptive,17,85.07139999999998,6.963200000000002,0.2653436068622295,0.0,0.0,0.0,matched_present,True,0.0,0.0,0.2156742098763455,r0128_c0384,43.30092168245761
fold_4,170,gated_veer_4x4_mean_kappa10,17,gated_veer_4x4_mean_kappa10_adaptive,17,85.07139999999998,6.963200000000002,0.2653436068622295,0.1632967758038578,17929.985983263592,54400.0,matched_present,True,0.0,0.0,0.228048293321106,r0064_c0128,26.41357910611621
fold_5,244,gated_veer_4x4_mean_kappa5,17,gated_veer_4x4_mean_kappa5_adaptive,17,85.07139999999998,6.963200000000002,0.2653436068622295,0.070079410262859,7694.719246861923,51200.0,matched_present,True,0.0,0.0,0.2153692841662401,r0414_c0128,35.064448367385246
fold_2,054,gated_veer_4x4_mean_kappa5,17,gated_veer_4x4_mean_kappa5_adaptive,17,85.07139999999998,6.963200000000002,0.2653436068622295,0.2404666741647055,21403.240823284672,54100.0,matched_present,True,5000.0,4700.0,0.2196724397297834,r0128_c0320,48.40770350504655
fold_2,054,nested_band_veer_4x4_mean_kappa2,17,nested_band_veer_4x4_mean_kappa2_adaptive,17,85.07139999999998,6.963200000000002,0.2653436068622295,0.2284828670738087,20087.418804704197,53800.0,matched_present,True,5000.0,4700.0,0.2161451999554519,r0256_c0256,
fold_2,054,nested_veer_4x4_mean_kappa0,17,nested_veer_4x4_mean_kappa0_adaptive,17,85.07139999999998,6.963200000000002,0.2653436068622295,0.2403770579250189,21393.40096016708,54100.0,matched_present,True,5000.0,4700.0,0.2240852615442511,r0384_c0128,
fold_2,054,uncertainty_lookahead,17,uncertainty_lookahead_adaptive,17,85.07139999999998,6.963200000000002,0.2653436068622295,0.23232051050227,20508.792053149253,53800.0,matched_present,True,5000.0,4700.0,0.221924186995351,r0384_c0192,
fold_2,054,variogram_eer_4x4_mean_kappa5,17,variogram_eer_4x4_mean_kappa5_adaptive,17,85.07139999999998,6.963200000000002,0.2653436068622295,0.2403840834758595,21394.17236564937,54100.0,matched_present,True,5000.0,4700.0,0.2183166823470911,r0320_c0128,45.03002061666643
fold_2,064,gated_veer_4x4_mean_kappa10,17,gated_veer_4x4_mean_kappa10_adaptive,17,85.07139999999998,6.963200000000002,0.2653436068622295,0.0,0.0,0.0,matched_present,True,0.0,0.0,0.2149898118768173,r0000_c0485,38.145910545722096
fold_2,064,gated_veer_4x4_mean_kappa5,17,gated_veer_4x4_mean_kappa5_adaptive,17,85.07139999999998,6.963200000000002,0.2653436068622295,0.0649495068147661,7131.455848261327,54700.0,matched_present,True,0.0,0.0,0.2250446328096436,r0192_c0000,35.64808888411823
fold_5,255,uncertainty_lookahead,17,uncertainty_lookahead_adaptive,17,85.07139999999998,6.963200000000002,0.2653436068622295,0.0716447840065629,4866.597283920611,16500.0,matched_present,True,3000.0,2900.0,0.2162462073008939,r0064_c0128,
fold_4,170,gated_veer_4x4_mean_kappa5,17,gated_veer_4x4_mean_kappa5_adaptive,17,85.07139999999998,6.963200000000002,0.2653436068622295,0.1716897459054499,18851.534100418405,54500.0,matched_present,True,0.0,0.0,0.2155177595676871,r0192_c0320,34.20694522161993
fold_4,170,nested_band_veer_4x4_mean_kappa2,17,nested_band_veer_4x4_mean_kappa2_adaptive,17,85.07139999999998,6.963200000000002,0.2653436068622295,0.1667882894726813,18313.35418410041,54500.0,matched_present,True,0.0,0.0,0.2235073215922844,r0320_c0448,
fold_4,170,nested_veer_4x4_mean_kappa0,17,nested_veer_4x4_mean_kappa0_adaptive,17,85.07139999999998,6.963200000000002,0.2653436068622295,0.1577802451776146,17324.270920502087,54500.0,matched_present,True,0.0,0.0,0.2274915026986152,r0128_c0256,
fold_4,170,uncertainty_lookahead,17,uncertainty_lookahead_adaptive,17,85.07139999999998,6.963200000000002,0.2653436068622295,0.1591787559732034,17477.827405857737,54500.0,matched_present,True,0.0,0.0,0.2274209434981101,r0256_c0256,
fold_4,170,variogram_eer_4x4_mean_kappa5,17,variogram_eer_4x4_mean_kappa5_adaptive,17,85.07139999999998,6.963200000000002,0.2653436068622295,0.1716897459054499,18851.534100418405,54500.0,matched_present,True,0.0,0.0,0.2155177595676871,r0192_c0320,34.20694522161993
fold_4,181,gated_veer_4x4_mean_kappa10,17,gated_veer_4x4_mean_kappa10_adaptive,17,85.07139999999998,6.963200000000002,0.2653436068622295,0.0816901354138052,6469.57686843581,53300.0,matched_present,True,2500.0,2400.0,0.2323573613118506,r0000_c0064,27.333369837618623
fold_4,181,gated_veer_4x4_mean_kappa5,17,gated_veer_4x4_mean_kappa5_adaptive,17,85.07139999999998,6.963200000000002,0.2653436068622295,0.0888748900394337,7258.462926329828,53500.0,matched_present,True,2500.0,2400.0,0.2349070950895951,r0192_c0320,33.55642002158784
fold_5,244,gated_veer_4x4_mean_kappa10,17,gated_veer_4x4_mean_kappa10_adaptive,17,85.07139999999998,6.963200000000002,0.2653436068622295,0.666774514984353,40811.84174528196,54700.0,matched_present,True,32400.0,32300.0,0.2191214286519776,r0320_c0128,15.449203685217016
fold_1,053,gated_veer_4x4_mean_kappa10,17,gated_veer_4x4_mean_kappa10_adaptive,17,85.07139999999998,6.963200000000002,0.2653436068622295,0.0338894948941972,3316.066539382856,15500.0,matched_present,True,405.0,0.0,0.2258387087635785,r0000_c0384,35.891060948963506
fold_1,053,gated_veer_4x4_mean_kappa5,17,gated_veer_4x4_mean_kappa5_adaptive,17,85.07139999999998,6.963200000000002,0.2653436068622295,0.0,0.0,0.0,matched_present,True,0.0,0.0,0.2228775212532799,r0320_c0485,37.55286788879523
fold_1,053,nested_band_veer_4x4_mean_kappa2,17,nested_band_veer_4x4_mean_kappa2_adaptive,17,85.07139999999998,6.963200000000002,0.2653436068622295,0.0473098602892778,3594.622659762709,13400.0,matched_present,True,1600.0,600.0,0.2281737030658694,r0000_c0320,
fold_1,053,nested_veer_4x4_mean_kappa0,17,nested_veer_4x4_mean_kappa0_adaptive,17,85.07139999999998,6.963200000000002,0.2653436068622295,0.180132335583619,19778.53044708137,53900.0,matched_present,True,0.0,0.0,0.2278251262039822,r0320_c0000,
fold_1,053,uncertainty_lookahead,17,uncertainty_lookahead_adaptive,17,85.07139999999998,6.963200000000002,0.2653436068622295,0.1056252410239994,11597.651464435145,54700.0,matched_present,True,0.0,0.0,0.2248082985080857,r0000_c0256,
fold_1,053,variogram_eer_4x4_mean_kappa5,17,variogram_eer_4x4_mean_kappa5_adaptive,17,85.07139999999998,6.963200000000002,0.2653436068622295,0.0314758462905193,3456.0479226990287,13400.0,matched_present,True,0.0,0.0,0.2223072612658523,r0064_c0128,37.83190541426099
fold_5,255,variogram_eer_4x4_mean_kappa5,17,variogram_eer_4x4_mean_kappa5_adaptive,17,85.07139999999998,6.963200000000002,0.2653436068622295,0.4761113515876966,31477.026404329084,54700.0,matched_present,True,20800.0,20000.0,0.2178256753729575,r0256_c0192,27.16360565910156
fold_2,054,gated_veer_4x4_mean_kappa10,17,gated_veer_4x4_mean_kappa10_adaptive,17,85.07139999999998,6.963200000000002,0.2653436068622295,0.24612297032091,22024.30214123592,54000.0,matched_present,True,5000.0,4700.0,0.2285727387887964,r0000_c0192,37.17934000933799
fold_4,181,nested_band_veer_4x4_mean_kappa2,17,nested_band_veer_4x4_mean_kappa2_adaptive,17,85.07139999999998,6.963200000000002,0.2653436068622295,0.0657390729435794,7218.15020920502,48300.0,matched_present,True,0.0,0.0,0.2067261857912694,r0000_c0128,
fold_4,181,nested_veer_4x4_mean_kappa0,17,nested_veer_4x4_mean_kappa0_adaptive,17,85.07139999999998,6.963200000000002,0.2653436068622295,0.1474112777885891,16185.758301187092,48400.0,matched_present,True,0.0,0.0,0.2286665697153485,r0320_c0128,
fold_4,181,uncertainty_lookahead,17,uncertainty_lookahead_adaptive,17,85.07139999999998,6.963200000000002,0.2653436068622295,0.1011081445153226,11101.674267782424,54100.0,matched_present,True,0.0,0.0,0.2456102408256863,r0384_c0384,
fold_4,181,variogram_eer_4x4_mean_kappa5,17,variogram_eer_4x4_mean_kappa5_adaptive,17,85.07139999999998,6.963200000000002,0.2653436068622295,0.087504343274477,7107.976891537574,53500.0,matched_present,True,2500.0,2300.0,0.2351402171892422,r0320_c0485,19.4216534889812
fold_4,191,gated_veer_4x4_mean_kappa10,17,gated_veer_4x4_mean_kappa10_adaptive,17,85.07139999999998,6.963200000000002,0.2653436068622295,0.1412251179356612,15506.517949335604,54800.0,matched_present,True,0.0,0.0,0.2269519383698386,r0000_c0128,24.25596145045648
fold_4,191,gated_veer_4x4_mean_kappa5,17,gated_veer_4x4_mean_kappa5_adaptive,17,85.07139999999998,6.963200000000002,0.2653436068622295,0.1346080553545834,14779.964477933258,54800.0,matched_present,True,0.0,0.0,0.2184855979990862,r0128_c0192,31.52079241418748
fold_4,191,nested_band_veer_4x4_mean_kappa2,17,nested_band_veer_4x4_mean_kappa2_adaptive,17,85.07139999999998,6.963200000000002,0.2653436068622295,0.1357000484830222,14899.86532343584,54700.0,matched_present,True,0.0,0.0,0.2352616232734949,r0000_c0256,
fold_5,234,variogram_eer_4x4_mean_kappa5,17,variogram_eer_4x4_mean_kappa5_adaptive,17,85.07139999999998,6.963200000000002,0.2587587930889941,0.0379092382482095,4162.434359653404,13400.0,matched_present,True,0.0,0.0,0.2139413927450305,r0384_c0192,43.17555833437483
fold_1,032,variogram_eer_4x4_mean_kappa5,17,variogram_eer_4x4_mean_kappa5_adaptive,17,85.07139999999998,6.963200000000002,0.2653436068622295,0.0292054118601102,3206.754222240101,14400.0,matched_present,True,0.0,0.0,0.2070957968157476,r0320_c0256,10.943858473699215
fold_1,042,gated_veer_4x4_mean_kappa10,17,gated_veer_4x4_mean_kappa10_adaptive,17,85.07139999999998,6.963200000000002,0.2653436068622295,0.2076424890578805,17799.145298555286,48300.0,matched_present,True,5000.0,4900.0,0.2325638121344091,r0256_c0192,34.861037218149804
fold_1,042,gated_veer_4x4_mean_kappa5,17,gated_veer_4x4_mean_kappa5_adaptive,17,85.07139999999998,6.963200000000002,0.2653436068622295,0.2281000811825178,20045.388913840456,54700.0,matched_present,True,5000.0,4900.0,0.2317169846059528,r0192_c0448,40.3557101377413
fold_1,042,nested_band_veer_4x4_mean_kappa2,17,nested_band_veer_4x4_mean_kappa2_adaptive,17,85.07139999999998,6.963200000000002,0.2653436068622295,0.2361102774461253,20724.908463584565,53800.0,matched_present,True,5200.0,4900.0,0.2317489719123474,r0256_c0320,
fold_1,042,nested_veer_4x4_mean_kappa0,17,nested_veer_4x4_mean_kappa0_adaptive,17,85.07139999999998,6.963200000000002,0.2653436068622295,0.2459736352831184,21807.90515408641,53800.0,matched_present,True,5200.0,4800.0,0.2327309306745734,r0320_c0000,
fold_1,042,uncertainty_lookahead,17,uncertainty_lookahead_adaptive,17,85.07139999999998,6.963200000000002,0.2653436068622295,0.2459736352831184,21807.90515408641,53800.0,matched_present,True,5200.0,4800.0,0.2327309306745734,r0320_c0000,
fold_1,042,variogram_eer_4x4_mean_kappa5,17,variogram_eer_4x4_mean_kappa5_adaptive,17,85.07139999999998,6.963200000000002,0.2653436068622295,0.2080954323390979,17748.87847083295,48400.0,matched_present,True,5100.0,4900.0,0.2353644067891543,r0000_c0192,43.05034723868454
fold_5,265,gated_veer_4x4_mean_kappa10,17,gated_veer_4x4_mean_kappa10_adaptive,17,85.07139999999998,6.963200000000002,0.2653436068622295,0.0,0.0,0.0,matched_absent,True,0.0,0.0,1.0491494769784429,r0320_c0128,40.63382110288708
fold_4,191,nested_veer_4x4_mean_kappa0,17,nested_veer_4x4_mean_kappa0_adaptive,17,85.07139999999998,6.963200000000002,0.2653436068622295,0.1501675183380101,16488.39351351351,54800.0,matched_present,True,0.0,0.0,0.2187421737068562,r0414_c0128,
fold_4,191,uncertainty_lookahead,17,uncertainty_lookahead_adaptive,17,85.07139999999998,6.963200000000002,0.2653436068622295,0.1571471545469981,17254.75756926039,54800.0,matched_present,True,0.0,0.0,0.2246540477522878,r0000_c0000,
fold_4,191,variogram_eer_4x4_mean_kappa5,17,variogram_eer_4x4_mean_kappa5_adaptive,17,85.07139999999998,6.963200000000002,0.2653436068622295,0.1032492508372994,11336.767741935482,54700.0,matched_present,True,0.0,0.0,0.2132543651296833,r0256_c0485,25.815417473215543
fold_4,202,gated_veer_4x4_mean_kappa10,17,gated_veer_4x4_mean_kappa10_adaptive,17,85.07139999999998,6.963200000000002,0.2653436068622295,0.0669714984447306,4753.470529231424,12800.0,matched_present,True,2600.0,2600.0,0.2196881980062405,r0192_c0000,28.593086735959577
fold_4,202,gated_veer_4x4_mean_kappa5,17,gated_veer_4x4_mean_kappa5_adaptive,17,85.07139999999998,6.963200000000002,0.2653436068622295,0.1129180041663344,12398.396857463522,48300.0,matched_present,True,0.0,0.0,0.2102002115719065,r0414_c0485,23.672630920502527
fold_4,202,nested_band_veer_4x4_mean_kappa2,17,nested_band_veer_4x4_mean_kappa2_adaptive,17,85.07139999999998,6.963200000000002,0.2653436068622295,0.0370765493509955,4071.005118739306,15100.0,matched_present,True,0.0,0.0,0.2150717664794751,r0000_c0384,
fold_4,202,nested_veer_4x4_mean_kappa0,17,nested_veer_4x4_mean_kappa0_adaptive,17,85.07139999999998,6.963200000000002,0.2653436068622295,0.2898531874429088,25025.879981231392,54800.0,matched_present,True,6800.0,6800.0,0.2086607514157475,r0384_c0064,
fold_5,234,uncertainty_lookahead,17,uncertainty_lookahead_adaptive,17,85.07139999999998,6.963200000000002,0.2587587930889941,0.0337525463432792,3706.029588492062,7464.989647682035,matched_present,True,0.0,0.0,0.2175631023883477,r0256_c0128,
fold_1,021,uncertainty_lookahead,17,uncertainty_lookahead_adaptive,17,85.07139999999998,6.963200000000002,0.2653436068622295,0.2485343707821559,21789.07391188073,54600.0,matched_present,True,5500.0,4900.0,0.2194589131275991,r0256_c0000,
fold_1,021,variogram_eer_4x4_mean_kappa5,17,variogram_eer_4x4_mean_kappa5_adaptive,17,85.07139999999998,6.963200000000002,0.2653436068622295,0.2422188061809795,20895.624918671558,48300.0,matched_present,True,5700.0,5600.0,0.209267804585739,r0000_c0128,32.20243289985118
fold_1,032,gated_veer_4x4_mean_kappa10,17,gated_veer_4x4_mean_kappa10_adaptive,17,85.07139999999998,6.963200000000002,0.2653436068622295,0.2533529074274712,22318.149235536337,53600.0,matched_present,True,5500.0,5100.0,0.2089994118575766,r0000_c0192,7.1093705013012425
fold_1,032,gated_veer_4x4_mean_kappa5,17,gated_veer_4x4_mean_kappa5_adaptive,17,85.07139999999998,6.963200000000002,0.2653436068622295,0.0292054118601102,3206.754222240101,14400.0,matched_present,True,0.0,0.0,0.2070957968157476,r0320_c0256,10.943858473699215
fold_1,032,nested_band_veer_4x4_mean_kappa2,17,nested_band_veer_4x4_mean_kappa2_adaptive,17,85.07139999999998,6.963200000000002,0.2653436068622295,0.2666755359517957,23680.97384750717,54800.0,matched_present,True,5600.0,5100.0,0.2139841635210766,r0414_c0064,
fold_1,032,nested_veer_4x4_mean_kappa0,17,nested_veer_4x4_mean_kappa0_adaptive,17,85.07139999999998,6.963200000000002,0.2653436068622295,0.2468027757552504,21498.944777926496,54800.0,matched_present,True,5600.0,5100.0,0.2171144313455861,r0000_c0256,
fold_1,032,uncertainty_lookahead,17,uncertainty_lookahead_adaptive,17,85.07139999999998,6.963200000000002,0.2653436068622295,0.2467583417600315,21494.065925251463,54800.0,matched_present,True,5600.0,5100.0,0.2207765296397993,r0192_c0384,
fold_5,265,gated_veer_4x4_mean_kappa5,17,gated_veer_4x4_mean_kappa5_adaptive,17,85.07139999999998,6.963200000000002,0.2653436068622295,0.0,0.0,0.0,matched_absent,True,0.0,0.0,1.0491494769784429,r0320_c0128,40.63382110288708
fold_4,202,uncertainty_lookahead,17,uncertainty_lookahead_adaptive,17,85.07139999999998,6.963200000000002,0.2653436068622295,0.27144532758715,23004.69696906908,54500.0,matched_present,True,6800.0,6700.0,0.2160040570298101,r0192_c0128,
fold_4,202,variogram_eer_4x4_mean_kappa5,17,variogram_eer_4x4_mean_kappa5_adaptive,17,85.07139999999998,6.963200000000002,0.2653436068622295,0.1124810254273975,12350.416591928248,48300.0,matched_present,True,0.0,0.0,0.20902416306389,r0320_c0064,23.168010654756277
fold_4,212,gated_veer_4x4_mean_kappa10,17,gated_veer_4x4_mean_kappa10_adaptive,17,85.07139999999998,6.963200000000002,0.2653436068622295,0.2802503705242665,24771.490683564465,54800.0,matched_present,True,6000.0,6000.0,0.2179655643991113,r0256_c0320,26.75422069782828
fold_4,212,gated_veer_4x4_mean_kappa5,17,gated_veer_4x4_mean_kappa5_adaptive,17,85.07139999999998,6.963200000000002,0.2653436068622295,0.1313239603171639,14419.370842824595,54800.0,matched_present,True,0.0,0.0,0.2183689329378551,r0064_c0000,35.78771558733017
fold_4,212,nested_band_veer_4x4_mean_kappa2,17,nested_band_veer_4x4_mean_kappa2_adaptive,17,85.07139999999998,6.963200000000002,0.2653436068622295,0.2609276308214915,22649.85386419977,54800.0,matched_present,True,6000.0,6000.0,0.218167863625761,r0000_c0128,
fold_4,212,nested_veer_4x4_mean_kappa0,17,nested_veer_4x4_mean_kappa0_adaptive,17,85.07139999999998,6.963200000000002,0.2653436068622295,0.0682131414286911,7489.802928870292,48700.0,matched_present,True,0.0,0.0,0.2221566178459041,r0128_c0192,
fold_4,212,uncertainty_lookahead,17,uncertainty_lookahead_adaptive,17,85.07139999999998,6.963200000000002,0.2653436068622295,0.2648316943063467,22978.52003483687,54800.0,matched_present,True,6100.0,6100.0,0.2243646754868865,r0256_c0192,
fold_5,234,nested_veer_4x4_mean_kappa0,17,nested_veer_4x4_mean_kappa0_adaptive,17,85.07139999999998,6.963200000000002,0.2587587930889941,0.034017906419824,3735.166124896683,7522.534136845106,matched_present,True,0.0,0.0,0.218612995446021,r0192_c0192,
fold_1,011,nested_veer_4x4_mean_kappa0,17,nested_veer_4x4_mean_kappa0_adaptive,17,85.07139999999998,6.963200000000002,0.2653436068622295,0.0286854463800988,2949.662012534848,19787.536708746746,matched_present,True,200.0,1300.0,0.2269339508729286,r0256_c0448,
fold_1,011,uncertainty_lookahead,17,uncertainty_lookahead_adaptive,17,85.07139999999998,6.963200000000002,0.2653436068622295,0.0277304726977719,2844.80590221536,19787.536708746746,matched_present,True,200.0,1300.0,0.2195163722151439,r0000_c0384,
fold_1,011,variogram_eer_4x4_mean_kappa5,17,variogram_eer_4x4_mean_kappa5_adaptive,17,85.07139999999998,6.963200000000002,0.2653436068622295,0.0289995561197946,2884.151261953454,13186.716080965713,matched_present,True,300.0,1400.0,0.2128055069136428,r0000_c0128,10.322010554889133
fold_1,021,gated_veer_4x4_mean_kappa10,17,gated_veer_4x4_mean_kappa10_adaptive,17,85.07139999999998,6.963200000000002,0.2653436068622295,0.2422188061809795,20895.624918671558,48300.0,matched_present,True,5700.0,5600.0,0.209267804585739,r0000_c0128,32.20243289985118
fold_1,021,gated_veer_4x4_mean_kappa5,17,gated_veer_4x4_mean_kappa5_adaptive,17,85.07139999999998,6.963200000000002,0.2653436068622295,0.2422188061809795,20895.624918671558,48300.0,matched_present,True,5700.0,5600.0,0.209267804585739,r0000_c0128,32.20243289985118
fold_1,021,nested_band_veer_4x4_mean_kappa2,17,nested_band_veer_4x4_mean_kappa2_adaptive,17,85.07139999999998,6.963200000000002,0.2653436068622295,0.2328698690556435,20069.11162230966,54700.0,matched_present,True,5500.0,4900.0,0.2185550625697561,r0000_c0128,
fold_1,021,nested_veer_4x4_mean_kappa0,17,nested_veer_4x4_mean_kappa0_adaptive,17,85.07139999999998,6.963200000000002,0.2653436068622295,0.2343580570559905,20232.514664747763,54700.0,matched_present,True,5500.0,4800.0,0.2155454917930545,r0000_c0192,
fold_5,265,nested_band_veer_4x4_mean_kappa2,17,nested_band_veer_4x4_mean_kappa2_adaptive,17,85.07139999999998,6.963200000000002,0.2653436068622295,0.0,0.0,0.0,matched_absent,True,0.0,0.0,2.084923530563452,r0192_c0128,
fold_4,212,variogram_eer_4x4_mean_kappa5,17,variogram_eer_4x4_mean_kappa5_adaptive,17,85.07139999999998,6.963200000000002,0.2653436068622295,0.0347979049701153,3820.809965718661,13400.0,matched_present,True,0.0,0.0,0.2276131123861986,r0320_c0384,35.0332466128943
fold_5,213,gated_veer_4x4_mean_kappa10,17,gated_veer_4x4_mean_kappa10_adaptive,17,85.07139999999998,6.963200000000002,0.2653436068622295,0.0590295483203399,4596.444405573325,13700.0,matched_present,True,1885.0,700.0,0.2200717300929669,r0128_c0485,41.11459751011552
fold_5,213,gated_veer_4x4_mean_kappa5,17,gated_veer_4x4_mean_kappa5_adaptive,17,85.07139999999998,6.963200000000002,0.2653436068622295,0.0379379652743145,4165.588587119734,13700.0,matched_present,True,0.0,0.0,0.2174781599921215,r0384_c0256,46.2358998814944
fold_5,213,nested_band_veer_4x4_mean_kappa2,17,nested_band_veer_4x4_mean_kappa2_adaptive,17,85.07139999999998,6.963200000000002,0.2653436068622295,0.0346291009550943,3802.2752848693567,16600.0,matched_present,True,0.0,0.0,0.2228626300640776,r0256_c0064,
fold_5,213,nested_veer_4x4_mean_kappa0,17,nested_veer_4x4_mean_kappa0_adaptive,17,85.07139999999998,6.963200000000002,0.2653436068622295,0.0381430919512023,4188.111496242022,46700.0,matched_present,True,0.0,0.0,0.2236018828494653,r0000_c0256,
fold_5,213,uncertainty_lookahead,17,uncertainty_lookahead_adaptive,17,85.07139999999998,6.963200000000002,0.2653436068622295,0.0,0.0,0.0,matched_present,True,0.0,0.0,0.2148086337208006,r0320_c0000,
fold_5,213,variogram_eer_4x4_mean_kappa5,17,variogram_eer_4x4_mean_kappa5_adaptive,17,85.07139999999998,6.963200000000002,0.2653436068622295,0.0581256357864301,4497.194809350034,13700.0,matched_present,True,1885.0,600.0,0.2338261767060956,r0064_c0064,43.16911929580721
fold_5,234,nested_band_veer_4x4_mean_kappa2,17,nested_band_veer_4x4_mean_kappa2_adaptive,17,85.07139999999998,6.963200000000002,0.2587587930889941,0.0389243246731783,4273.890849114982,18300.0,matched_present,True,0.0,0.0,0.2176199088282817,r0000_c0448,
fold_5,234,gated_veer_4x4_mean_kappa5,17,gated_veer_4x4_mean_kappa5_adaptive,17,85.07139999999998,6.963200000000002,0.2587587930889941,0.0370803207660692,4071.4192201144015,13800.0,matched_present,True,0.0,0.0,0.2233250601738654,r0000_c0384,41.39899234312245
fold_1,001,gated_veer_4x4_mean_kappa5,17,gated_veer_4x4_mean_kappa5_adaptive,17,85.07139999999998,6.963200000000002,0.2618454245451982,0.1824164395143557,15029.325058676255,37352.780613496485,matched_present,True,5000.0,5100.0,0.2135803160191517,r0064_c0064,12.89784720780674
fold_1,001,gated_veer_4x4_mean_kappa10,17,gated_veer_4x4_mean_kappa10_adaptive,17,85.07139999999998,6.963200000000002,0.2618454245451982,0.1826904175511547,15059.407847116794,37352.780613496485,matched_present,True,5000.0,5100.0,0.2197722016024705,r0384_c0192,19.96835093607055
fold_5,265,variogram_eer_4x4_mean_kappa5,17,variogram_eer_4x4_mean_kappa5_adaptive,17,85.07139999999998,6.963200000000002,0.2653436068622295,0.0,0.0,0.0,matched_absent,True,0.0,0.0,1.0491494769784429,r0320_c0128,40.63382110288708
